-- TABLE
INSERT INTO "table" ("id", "slug", "label", "icon", "description", "folder_id", "is_system")
VALUES 
('074fcb3b-038d-483d-b390-ca69490fc4c3', 'view_relation_permission', 'Разрешение для связь', 'door-closed.svg', 'Разрешение для связь которые в страница сведений', NULL, true),
('0ade55f8-c84d-42b7-867f-6418e1314e28', 'connection', 'Связь', 'brand_connectdevelop.svg', 'Связь', NULL, true),
('1ab7fadc-1f2b-4934-879d-4e99772526ad', 'role', 'Роли', 'brand_critical-role.svg', 'Роли', NULL, true),
('2546e042-af2f-4cef-be7c-834e6bde951c', 'user', 'Пользователи', 'address-card.svg', 'Пользователи', NULL, true),
('d267203c-1c23-4663-a721-7a845d4b98ad', 'language_setting', 'Языки', 'address-card.svg', 'Языки', NULL, true),
('bba3dddc-5f20-449c-8ec8-37bef283c766', 'timezone_setting', 'Часовые пояса', 'address-card.svg', 'Часовые пояса', NULL, true),
('25698624-5491-4c39-99ec-aed2eaf07b97', 'record_permission', 'Разрешение', 'record-vinyl.svg', 'Разрешение', NULL, true),
('373e9aae-315b-456f-8ec3-0851cad46fbf', 'project', 'Проект', 'diagram-project.svg', 'Проект', NULL, true),
('4c1f5c95-1528-4462-8d8c-cd377c23f7f7', 'automatic_filter', 'Автоматический фильтр', 'filter.svg', 'Автоматический фильтр для матрица', NULL, true),
('53edfff0-2a31-4c73-b230-06a134afa50b', 'client_platform', 'Клиент платформа', 'brand_bimobject.svg', 'Клиент платформа', NULL, true),
('5af2bfb2-6880-42ad-80c8-690e24a2523e', 'action_permission', 'Разрешение на действие', 'eye-dropper.svg', 'Разрешение на действие', NULL, true),
('5db33db7-4524-4414-b65a-b6b8e5bba345', 'test_login', 'Логин таблица', 'blog.svg', 'Test Login', NULL, true),
('961a3201-65a4-452a-a8e1-7c7ba137789c', 'field_permission' , 'Разрешение поля', 'clapperboard.svg', 'Разрешение поля', NULL, true),
('ed3bf0d9-40a3-4b79-beb4-52506aa0b5ea', 'client_type', 'Тип клиентов', 'angles-right.svg', 'Тип клиентов', NULL, true),
('08972256-30fb-4d75-b8cf-940d8c4fc8ac', 'template', 'Шаблон', 'arrow-right-to-bracket.svg', 'Шаблоны', NULL, true),
('b1896ed7-ba00-46ae-ae53-b424d2233589', 'file', 'Файл', 'file-arrow-down.svg', 'Файлы', NULL, true),
('c2f225b6-b6d9-4201-aa25-e648a4c1ff29', 'custom_error_message', 'Custom Error', 'bear-toy.svg', 'Custom Error', '96ed7568-e086-48db-92b5-658450cbd4a8', true),
('08a391b2-1c78-4f3e-b84a-9d745e7d528f', 'menu_permission', 'Разрешение для меню', 'door-closed.svg', 'Разрешение для связь которые в страница сведений', NULL, true),
('1b066143-9aad-4b28-bd34-0032709e463b', 'global_permission', 'Разрешение для настройки', 'door-closed.svg', 'Разрешение для настройки', NULL, true),
('65a7936b-f3db-4401-afef-8eee77b68da3', 'view_permission', 'Разрешение для вид', 'door-closed.svg', 'Разрешение для вид', NULL, true);

-- FIELD
INSERT INTO field("id", "table_id", "required", "slug", "label", "default", "type", "index", "attributes", "is_visible", "is_system", "is_search", "autofill_field", "autofill_table", "relation_id", "unique", "automatic") VALUES 
('385ceb40-6267-4f5e-9327-f75fe79e8bfe', '074fcb3b-038d-483d-b390-ca69490fc4c3', false, 'label', 'Название связь', '', 'SINGLE_LINE', 'string', '{"fields":{"defaultValue":{"kind":"stringValue","stringValue":""},"disabled":{"boolValue":false,"kind":"boolValue"},"icon":{"kind":"stringValue","stringValue":""},"placeholder":{"kind":"stringValue","stringValue":""},"showTooltip":{"boolValue":false,"kind":"boolValue"}}}', false, true, true, '', '', NULL, false, false),
('d8127cf2-2d60-474e-94ba-317d3b1ba18a', '074fcb3b-038d-483d-b390-ca69490fc4c3', false, 'table_slug', 'Название таблица', '', 'SINGLE_LINE', 'string', '{"fields":{"creatable":{"boolValue":false,"kind":"boolValue"},"defaultValue":{"kind":"stringValue","stringValue":""},"disabled":{"boolValue":false,"kind":"boolValue"},"icon":{"kind":"stringValue","stringValue":""},"placeholder":{"kind":"stringValue","stringValue":""},"showTooltip":{"boolValue":false,"kind":"boolValue"}}}', false, true, true, '', '', NULL, false, false),
('076c519a-5503-4bff-99f1-c741ed7d47b8', '074fcb3b-038d-483d-b390-ca69490fc4c3', false, 'relation_id', 'Ид свяьза', '', 'SINGLE_LINE', 'string', '{"fields":{"creatable":{"boolValue":false,"kind":"boolValue"},"defaultValue":{"kind":"stringValue","stringValue":""},"disabled":{"boolValue":false,"kind":"boolValue"},"icon":{"kind":"stringValue","stringValue":""},"placeholder":{"kind":"stringValue","stringValue":""},"showTooltip":{"boolValue":false,"kind":"boolValue"}}}', false, true, true, '', '', NULL, false, false),
('c5962e1c-2687-46a5-b2dd-d46d41a038c1', '074fcb3b-038d-483d-b390-ca69490fc4c3', false, 'view_permission', 'Разрешение на просмотр', '', 'SWITCH', 'string', '{"fields":{"creatable":{"boolValue":false,"kind":"boolValue"},"defaultValue":{"kind":"stringValue","stringValue":""},"disabled":{"boolValue":false,"kind":"boolValue"},"icon":{"kind":"stringValue","stringValue":""},"placeholder":{"kind":"stringValue","stringValue":""},"showTooltip":{"boolValue":false,"kind":"boolValue"}}}', false, true, true, '', '', NULL, false, false),
('a73fd453-3c21-4ab8-9e21-59d85acd106c', '074fcb3b-038d-483d-b390-ca69490fc4c3', false, 'guid', 'ID', 'v4', 'UUID', 'true', '{}', true, true, true, '', '', NULL, false, false),
('6f344830-819c-40a3-a255-f11cdb515c2e', '074fcb3b-038d-483d-b390-ca69490fc4c3', false, 'role_id', 'FROM view_relation_permission TO role', '', 'LOOKUP', '', '{}', true, true, true, '', '', '158213ef-f38d-4c0d-b9ec-815e4d27db7e', false, false),
('9d53673d-4df3-4679-91be-8a787bdff724', '0ade55f8-c84d-42b7-867f-6418e1314e28', false, 'table_slug', 'Table Slug', '', 'SINGLE_LINE', 'string', '{"fields":{"maxLength":{"kind":"stringValue","stringValue":""},"placeholder":{"kind":"stringValue","stringValue":""},"showTooltip":{"boolValue":false,"kind":"boolValue"}}}', false, true, true, '', '', NULL, false, false),
('546320ae-8d9f-43cb-afde-3df5701e4b49', '0ade55f8-c84d-42b7-867f-6418e1314e28', false, 'icon', 'Icon', '', 'ICON', 'string', '{"fields":{"maxLength":{"kind":"stringValue","stringValue":""},"placeholder":{"kind":"stringValue","stringValue":""},"showTooltip":{"boolValue":false,"kind":"boolValue"}}}', false, true, true, '', '', NULL, false, false),
('a9767595-8863-414e-9220-f6499def0276', '0ade55f8-c84d-42b7-867f-6418e1314e28', false, 'view_slug', 'View Slug', '', 'SINGLE_LINE', 'string', '{"fields":{"maxLength":{"kind":"stringValue","stringValue":""},"placeholder":{"kind":"stringValue","stringValue":""},"showTooltip":{"boolValue":false,"kind":"boolValue"}}}', false, true, true, '', '', NULL, false, false),
('b73c268c-9b91-47e4-9cb8-4f1d4ad14605', '0ade55f8-c84d-42b7-867f-6418e1314e28', false, 'view_label', 'View label', '', 'SINGLE_LINE', 'string', '{"fields":{"maxLength":{"kind":"stringValue","stringValue":""},"placeholder":{"kind":"stringValue","stringValue":""},"showTooltip":{"boolValue":false,"kind":"boolValue"}}}', false, true, true, '', '', NULL, false, false),
('71a33f28-002e-42a9-95fe-934a1f04b789', '0ade55f8-c84d-42b7-867f-6418e1314e28', false, 'type', 'Тип', '', 'MULTISELECT', 'string', '{"fields":{"maxLength":{"kind":"stringValue","stringValue":""},"options":{"kind":"listValue","listValue":{"values":[]}},"placeholder":{"kind":"stringValue","stringValue":""},"showTooltip":{"boolValue":false,"kind":"boolValue"}}}', false, true, true, '', '', NULL, false, false),
('c71928df-22d1-408c-8d63-7784cbec4a1d', '0ade55f8-c84d-42b7-867f-6418e1314e28', false, 'name', 'Название', '', 'SINGLE_LINE', 'string', '{"fields":{"maxLength":{"kind":"stringValue","stringValue":""},"placeholder":{"kind":"stringValue","stringValue":""},"showTooltip":{"boolValue":false,"kind":"boolValue"}}}', false, true, true, '', '', NULL, false, false),
('fbcf919a-25b8-486b-a110-342c8c47385f', '0ade55f8-c84d-42b7-867f-6418e1314e28', false, 'guid', 'ID', 'v4', 'UUID', 'true', '{}', true, true, true, '', '', NULL, false, false),
('f6962da4-bc72-4236-ac7b-18589c2fc029', '0ade55f8-c84d-42b7-867f-6418e1314e28', false, 'client_type_id', 'IT''S RELATION', '', 'LOOKUP', '', '{}', true, true, true, '', '', '65a2d42f-5479-422f-84db-1a98547dfa04', false, false),
('c12adfef-2991-4c6a-9dff-b4ab8810f0df', '1ab7fadc-1f2b-4934-879d-4e99772526ad', false, 'name', 'Название роли', '', 'SINGLE_LINE', 'string', '{"fields":{"maxLength":{"kind":"stringValue","stringValue":""},"placeholder":{"kind":"stringValue","stringValue":""},"showTooltip":{"boolValue":false,"kind":"boolValue"}}}', false, true, true, '', '', NULL, false, false),
('3bb6863b-5024-4bfb-9fa0-6ed5bf8d2406', '1ab7fadc-1f2b-4934-879d-4e99772526ad', false, 'guid', 'ID', 'v4', 'UUID', 'true', '{}', true, true, true, '', '', NULL, false, false),
('123cd75b-2da5-458f-8020-8176a18b54ce', '1ab7fadc-1f2b-4934-879d-4e99772526ad', false, 'project_id', 'IT''S RELATION', '', 'LOOKUP', '', '{}', true, true, true, '', '', 'a56d0ad8-4645-42d8-9fbb-77e22526bd17', false, false),
('cb677e25-ddb3-4a64-a0cd-5aa6653417ed', '1ab7fadc-1f2b-4934-879d-4e99772526ad', false, 'client_platform_id', 'IT''S RELATION', '', 'LOOKUP', '', '{}', true, true, true, '', '', 'ca008469-cfe2-4227-86db-efdf69680310', false, false),
('110055ac-75ab-4c1f-ae35-67098d1816a5', '1ab7fadc-1f2b-4934-879d-4e99772526ad', false, 'client_type_id', 'IT''S RELATION', '', 'LOOKUP', '', '{}', true, true, true, '', '', '8ab28259-800d-4079-8572-a0f033d70e35', false, false),
('645d85b8-67e0-4594-96c7-540b63d6b018', '2546e042-af2f-4cef-be7c-834e6bde951c', false, 'active', 'Актив', '', 'NUMBER', 'string', '{"fields":{"maxLength":{"kind":"stringValue","stringValue":""},"placeholder":{"kind":"stringValue","stringValue":""},"showTooltip":{"boolValue":false,"kind":"boolValue"}}}', false, true, true, '', '', NULL, false, false),
('2a77fd05-5278-4188-ba34-a7b8d13e2e51', '2546e042-af2f-4cef-be7c-834e6bde951c', false, 'guid', 'ID', 'v4', 'UUID', 'true', '{}', true, true, true, '', '', NULL, false, false),
('be11f4ac-1f91-4e04-872d-31cef96954e9', '2546e042-af2f-4cef-be7c-834e6bde951c', false, 'project_id', 'IT''S RELATION', '', 'LOOKUP', '', '{}', true, true, true, '', '', '6d2f94cb-0de4-455e-8dfc-97800eac7579', false, false),
('d84b1431-f7ae-43c5-b2e1-83f82ec1f979', '2546e042-af2f-4cef-be7c-834e6bde951c', false, 'client_platform_id', 'IT''S RELATION', '', 'LOOKUP', '', '{}', true, true, true, '', '', 'e03071ed-a3e1-417d-a654-c0998a7c74bc', false, false),
('5ca9db39-f165-4877-a191-57b5e8fedaf5', '2546e042-af2f-4cef-be7c-834e6bde951c', false, 'client_type_id', 'IT''S RELATION', '', 'LOOKUP', '', '{}', true, true, true, '', '', '8f123dec-dfe4-4b89-956c-f607c84a84bd', false, false),
('bd5f353e-52d6-4b07-946c-678534a624ec', '2546e042-af2f-4cef-be7c-834e6bde951c', false, 'role_id', 'IT''S RELATION', '', 'LOOKUP', '', '{}', true, true, true, '', '', '63b54109-5476-43c1-bf26-24e2266a33f0', false, false),
('f932bf71-9049-462b-9342-8347bca7598d', '25698624-5491-4c39-99ec-aed2eaf07b97', false, 'update', 'Изменение', '', 'SINGLE_LINE', 'string', '{"fields":{"maxLength":{"kind":"stringValue","stringValue":""},"placeholder":{"kind":"stringValue","stringValue":""},"showTooltip":{"boolValue":false,"kind":"boolValue"}}}', false, true, true, '', '', NULL, false, false),
('9bdbb8eb-334b-4515-87dc-20abd0da129a', '25698624-5491-4c39-99ec-aed2eaf07b97', false, 'table_slug', 'Название таблица', '', 'SINGLE_LINE', 'string', '{"fields":{"maxLength":{"kind":"stringValue","stringValue":""},"placeholder":{"kind":"stringValue","stringValue":""},"showTooltip":{"boolValue":false,"kind":"boolValue"}}}', false, true, true, '', '', NULL, false, false),
('1e71486b-1438-4170-8883-50b505b8bb14', '25698624-5491-4c39-99ec-aed2eaf07b97', false, 'write', 'Написать', '', 'SINGLE_LINE', 'string', '{"fields":{"maxLength":{"kind":"stringValue","stringValue":""},"placeholder":{"kind":"stringValue","stringValue":""},"showTooltip":{"boolValue":false,"kind":"boolValue"}}}', false, true, true, '', '', NULL, false, false),
('4d1bb99b-d2f0-4ac7-8c50-2f5dd7932755', '25698624-5491-4c39-99ec-aed2eaf07b97', false, 'guid', 'ID', 'v4', 'UUID', 'true', '{}', true, true, true, '', '', NULL, false, false),
('27355d70-1c11-4fb9-9192-a1fffd93d9db', '25698624-5491-4c39-99ec-aed2eaf07b97', false, 'read', 'Чтение', '', 'SINGLE_LINE', 'string', '{"fields":{"maxLength":{"kind":"stringValue","stringValue":""},"placeholder":{"kind":"stringValue","stringValue":""},"showTooltip":{"boolValue":false,"kind":"boolValue"}}}', false, true, true, '', '', NULL, false, false),
('d95c1242-63ab-45c1-bd23-86f23ee72971', '25698624-5491-4c39-99ec-aed2eaf07b97', false, 'delete', 'Удаление', '', 'SINGLE_LINE', 'string', '{"fields":{"maxLength":{"kind":"stringValue","stringValue":""},"placeholder":{"kind":"stringValue","stringValue":""},"showTooltip":{"boolValue":false,"kind":"boolValue"}}}', false, true, true, '', '', NULL, false, false),
('8e748044-1b00-485c-b445-63e44380a6b1', '25698624-5491-4c39-99ec-aed2eaf07b97', false, 'role_id', 'IT''S RELATION', '', 'LOOKUP', '', '{}', true, true, true, '', '', '82e93baf-2e02-432a-942b-2c93cbe26b89', false, false),
('5f099f9f-8217-4790-a8ee-954ec165b8d8', '25698624-5491-4c39-99ec-aed2eaf07b97', false, 'is_have_condition', 'Есть условия', '', 'SWITCH', 'string', '{"fields":{"defaultValue":{"kind":"stringValue","stringValue":""},"disabled":{"boolValue":false,"kind":"boolValue"},"icon":{"kind":"stringValue","stringValue":""},"placeholder":{"kind":"stringValue","stringValue":""},"showTooltip":{"boolValue":false,"kind":"boolValue"}}}', false, true, true, '', '', NULL, false, false),
('37137f5f-ef9b-4710-a6df-fb920750fdfb', '373e9aae-315b-456f-8ec3-0851cad46fbf', false, 'name', 'Название', '', 'SINGLE_LINE', 'string', '{"fields":{"maxLength":{"kind":"stringValue","stringValue":""},"placeholder":{"kind":"stringValue","stringValue":""},"showTooltip":{"boolValue":false,"kind":"boolValue"}}}', false, true, true, '', '', NULL, false, false),
('dfbf6a89-9c78-4922-9a00-0e1555c23ece', '373e9aae-315b-456f-8ec3-0851cad46fbf', false, 'domain', 'Домен проекта', '', 'SINGLE_LINE', 'string', '{"fields":{"maxLength":{"kind":"stringValue","stringValue":""},"placeholder":{"kind":"stringValue","stringValue":""},"showTooltip":{"boolValue":false,"kind":"boolValue"}}}', false, true, true, '', '', NULL, false, false),
('8265459c-ab41-45b5-a79d-cbfa299ddaa7', '373e9aae-315b-456f-8ec3-0851cad46fbf', false, 'guid', 'ID', 'v4', 'UUID', 'true', '{}', true, true, true, '', '', NULL, false, false),
('8368fc76-0e80-409c-b64e-2275304411d8', '4c1f5c95-1528-4462-8d8c-cd377c23f7f7', false, 'table_slug', 'Название таблица', '', 'SINGLE_LINE', 'string', '{"fields":{"maxLength":{"kind":"stringValue","stringValue":""},"placeholder":{"kind":"stringValue","stringValue":""},"showTooltip":{"boolValue":false,"kind":"boolValue"}}}', false, true, true, '', '', NULL, false, false),
('6d5d18cd-255d-49fd-a08e-5a6b0f1b093f', '4c1f5c95-1528-4462-8d8c-cd377c23f7f7', false, 'custom_field', 'Пользавательские полья', '', 'SINGLE_LINE', 'string', '{"fields":{"maxLength":{"kind":"stringValue","stringValue":""},"placeholder":{"kind":"stringValue","stringValue":""},"showTooltip":{"boolValue":false,"kind":"boolValue"}}}', false, true, true, '', '', NULL, false, false),
('957ffe32-714a-41d2-9bd8-e6b6b30fef67', '4c1f5c95-1528-4462-8d8c-cd377c23f7f7', false, 'object_field', 'Полья объекты', '', 'SINGLE_LINE', 'string', '{"fields":{"maxLength":{"kind":"stringValue","stringValue":""},"placeholder":{"kind":"stringValue","stringValue":""},"showTooltip":{"boolValue":false,"kind":"boolValue"}}}', false, true, true, '', '', NULL, false, false),
('2ca6eec7-faea-4afd-a75f-980c18164f3c', '4c1f5c95-1528-4462-8d8c-cd377c23f7f7', false, 'guid', 'ID', 'v4', 'UUID', 'true', '{}', true, true, true, '', '', NULL, false, false),
('a1ece772-a8e0-41ae-8060-e1f667d0d96e', '4c1f5c95-1528-4462-8d8c-cd377c23f7f7', false, 'role_id', 'IT''S RELATION', '', 'LOOKUP', '', '{}', true, true, true, '', '', '697fbd16-97d8-4233-ab21-4ce12dd6c5c6', false, false),
('c818bc89-c2e9-4181-9db4-06fdf837d6e2', '53edfff0-2a31-4c73-b230-06a134afa50b', false, 'name', 'Название платформы', '', 'SINGLE_LINE', 'string', '{"fields":{"maxLength":{"kind":"stringValue","stringValue":""},"placeholder":{"kind":"stringValue","stringValue":""},"showTooltip":{"boolValue":false,"kind":"boolValue"}}}', false, true, true, '', '', NULL, false, false),
('948500db-538e-412b-ba36-09f5e9f0eccc', '53edfff0-2a31-4c73-b230-06a134afa50b', false, 'subdomain', 'Субдомен платформы', '', 'SINGLE_LINE', 'string', '{"fields":{"maxLength":{"kind":"stringValue","stringValue":""},"placeholder":{"kind":"stringValue","stringValue":""},"showTooltip":{"boolValue":false,"kind":"boolValue"}}}', false, true, true, '', '', NULL, false, false),
('6c812f3d-1aae-4b9e-8c28-55019ede57f8', '53edfff0-2a31-4c73-b230-06a134afa50b', false, 'guid', 'ID', 'v4', 'UUID', 'true', '{}', true, true, true, '', '', NULL, false, false),
('f7220ec5-d9cb-485b-9652-f3429132375d', '53edfff0-2a31-4c73-b230-06a134afa50b', false, 'project_id', 'IT''S RELATION', '', 'LOOKUP', '', '{}', true, true, true, '', '', 'c1492b03-8e76-4a09-9961-f61d413dbe68', false, false),
('d95156ba-d443-4c95-8383-c122747330c5', '53edfff0-2a31-4c73-b230-06a134afa50b', false, 'client_type_ids', 'IT''S RELATION', '', 'LOOKUPS', '', '{}', true, true, true, '', '', '426a0cd6-958d-4317-bf23-3b4ea4720e53', false, false),
('485ceb40-6267-4f5e-9327-f75fe79e8bfe', '5af2bfb2-6880-42ad-80c8-690e24a2523e', false, 'label', 'Название', '', 'SINGLE_LINE', 'string', '{"fields":{"defaultValue":{"kind":"stringValue","stringValue":""},"disabled":{"boolValue":false,"kind":"boolValue"},"icon":{"kind":"stringValue","stringValue":""},"placeholder":{"kind":"stringValue","stringValue":""},"showTooltip":{"boolValue":false,"kind":"boolValue"}}}', false, true, true, '', '', NULL, false, false),
('1e39a65d-9709-4c5a-99e4-dde67191d95a', '5af2bfb2-6880-42ad-80c8-690e24a2523e', false, 'custom_event_id', 'Ид действия', '', 'SINGLE_LINE', 'string', '{"fields":{"creatable":{"boolValue":false,"kind":"boolValue"},"defaultValue":{"kind":"stringValue","stringValue":""},"disabled":{"boolValue":false,"kind":"boolValue"},"icon":{"kind":"stringValue","stringValue":""},"placeholder":{"kind":"stringValue","stringValue":""},"showTooltip":{"boolValue":false,"kind":"boolValue"}}}', false, true, true, '', '', NULL, false, false),
('34abee63-37ad-48c1-95d2-f4a032c373a1', '5af2bfb2-6880-42ad-80c8-690e24a2523e', false, 'table_slug', 'Название таблица', '', 'SINGLE_LINE', 'string', '{"fields":{"creatable":{"boolValue":false,"kind":"boolValue"},"defaultValue":{"kind":"stringValue","stringValue":""},"disabled":{"boolValue":false,"kind":"boolValue"},"icon":{"kind":"stringValue","stringValue":""},"placeholder":{"kind":"stringValue","stringValue":""},"showTooltip":{"boolValue":false,"kind":"boolValue"}}}', false, true, true, '', '', NULL, false, false),
('b84f052c-c407-48c5-a4bf-6bd54869fbd7', '5af2bfb2-6880-42ad-80c8-690e24a2523e', false, 'permission', 'Разрешение', '', 'SWITCH', 'string', '{"fields":{"creatable":{"boolValue":false,"kind":"boolValue"},"defaultValue":{"kind":"stringValue","stringValue":""},"disabled":{"boolValue":false,"kind":"boolValue"},"icon":{"kind":"stringValue","stringValue":""},"placeholder":{"kind":"stringValue","stringValue":""},"showTooltip":{"boolValue":false,"kind":"boolValue"}}}', false, true, true, '', '', NULL, false, false),
('cf504dda-a34a-4422-843b-afaa32efbe49', '5af2bfb2-6880-42ad-80c8-690e24a2523e', false, 'guid', 'ID', 'v4', 'UUID', 'true', '{}', true, true, true, '', '', NULL, false, false),
('f58a6d67-7254-474c-af2a-052596bb0513', '5af2bfb2-6880-42ad-80c8-690e24a2523e', false, 'role_id', 'FROM action_permission TO role', '', 'LOOKUP', '', '{}', true, true, true, '', '', 'd522a2ac-7fb4-413d-b5bb-8d1d34b65b98', false, false),
('d02ddb83-ad98-47f5-bc0a-6ee7586d9a8e', '5db33db7-4524-4414-b65a-b6b8e5bba345', false, 'login_strategy', 'Login strategy', '', 'SINGLE_LINE', 'string', '{"fields":{"maxLength":{"kind":"stringValue","stringValue":""},"placeholder":{"kind":"stringValue","stringValue":""},"showTooltip":{"boolValue":false,"kind":"boolValue"}}}', false, true, true, '', '', NULL, false, false),
('f5486957-e804-4050-a3c5-cfdcdaca0a16', '5db33db7-4524-4414-b65a-b6b8e5bba345', false, 'table_slug', 'Table Slug', '', 'SINGLE_LINE', 'string', '{"fields":{"maxLength":{"kind":"stringValue","stringValue":""},"placeholder":{"kind":"stringValue","stringValue":""},"showTooltip":{"boolValue":false,"kind":"boolValue"}}}', false, true, true, '', '', NULL, false, false),
('fbc9b3e9-0507-48f5-9772-d42febfb4d30', '5db33db7-4524-4414-b65a-b6b8e5bba345', false, 'login_view', 'Login view', '', 'SINGLE_LINE', 'string', '{"fields":{"maxLength":{"kind":"stringValue","stringValue":""},"placeholder":{"kind":"stringValue","stringValue":""},"showTooltip":{"boolValue":false,"kind":"boolValue"}}}', false, true, true, '', '', NULL, false, false),
('5591515f-8212-4bd5-b13b-fffd9751e9ce', '5db33db7-4524-4414-b65a-b6b8e5bba345', false, 'login_label', 'Login label', '', 'SINGLE_LINE', 'string', '{"fields":{"maxLength":{"kind":"stringValue","stringValue":""},"placeholder":{"kind":"stringValue","stringValue":""},"showTooltip":{"boolValue":false,"kind":"boolValue"}}}', false, true, true, '', '', NULL, false, false),
('35ddf13d-d724-42ab-a1bb-f3961c7db9d6', '5db33db7-4524-4414-b65a-b6b8e5bba345', false, 'password_view', 'Password view', '', 'SINGLE_LINE', 'string', '{"fields":{"maxLength":{"kind":"stringValue","stringValue":""},"placeholder":{"kind":"stringValue","stringValue":""},"showTooltip":{"boolValue":false,"kind":"boolValue"}}}', false, true, true, '', '', NULL, false, false),
('7ab42774-6ca9-4e10-a71b-77871009e0a2', '5db33db7-4524-4414-b65a-b6b8e5bba345', false, 'object_id', 'Ид обьеткта', '', 'SINGLE_LINE', 'string', '{"fields":{"maxLength":{"kind":"stringValue","stringValue":""},"placeholder":{"kind":"stringValue","stringValue":""},"showTooltip":{"boolValue":false,"kind":"boolValue"}}}', false, true, true, '', '', NULL, false, false),
('276c0e0c-2b79-472a-bcdf-ac0eed115ebe', '5db33db7-4524-4414-b65a-b6b8e5bba345', false, 'password_label', 'Password label', '', 'SINGLE_LINE', 'string', '{"fields":{"maxLength":{"kind":"stringValue","stringValue":""},"placeholder":{"kind":"stringValue","stringValue":""},"showTooltip":{"boolValue":false,"kind":"boolValue"}}}', false, true, true, '', '', NULL, false, false),
('14e3ed9a-384e-45ac-897f-0fb4174adfaf', '5db33db7-4524-4414-b65a-b6b8e5bba345', false, 'guid', 'ID', 'v4', 'UUID', 'true', '{}', true, true, true, '', '', NULL, false, false),
('d5fda673-95b2-492a-97c2-afd0466f1e32', '5db33db7-4524-4414-b65a-b6b8e5bba345', false, 'client_type_id', 'IT''S RELATION', '', 'LOOKUP', '', '{}', true, true, true, '', '', '79bdd075-eef0-48d1-b763-db8dfd819043', false, false),
('7587ed1d-a8b9-4aa8-b845-56dbb9333e25', '961a3201-65a4-452a-a8e1-7c7ba137789c', false, 'field_id', 'Ид поля', '', 'SINGLE_LINE', 'string', '{"fields":{"defaultValue":{"kind":"stringValue","stringValue":""},"disabled":{"boolValue":false,"kind":"boolValue"},"icon":{"kind":"stringValue","stringValue":""},"placeholder":{"kind":"stringValue","stringValue":""},"showTooltip":{"boolValue":false,"kind":"boolValue"}}}', false, true, true, '', '', NULL, false, false),
('27634c7a-1de8-4d54-9f57-5ff7c77d0af9', '961a3201-65a4-452a-a8e1-7c7ba137789c', false, 'table_slug', 'Название таблица', '', 'SINGLE_LINE', 'string', '{"fields":{"defaultValue":{"kind":"stringValue","stringValue":""},"disabled":{"boolValue":false,"kind":"boolValue"},"icon":{"kind":"stringValue","stringValue":""},"placeholder":{"kind":"stringValue","stringValue":""},"showTooltip":{"boolValue":false,"kind":"boolValue"}}}', false, true, true, '', '', NULL, false, false),
('00787831-04b4-4a08-b74d-14f80a219b86', '961a3201-65a4-452a-a8e1-7c7ba137789c', false, 'view_permission', 'Разрешение на просмотр', '', 'SWITCH', 'string', '{"fields":{"defaultValue":{"kind":"stringValue","stringValue":""},"disabled":{"boolValue":false,"kind":"boolValue"},"icon":{"kind":"stringValue","stringValue":""},"placeholder":{"kind":"stringValue","stringValue":""},"showTooltip":{"boolValue":false,"kind":"boolValue"}}}', false, true, true, '', '', NULL, false, false),
('9ae553a2-edca-41f7-ba8a-557dc24cb74a', '961a3201-65a4-452a-a8e1-7c7ba137789c', false, 'edit_permission', 'Изменить разрешение', '', 'SWITCH', 'string', '{"fields":{"defaultValue":{"kind":"stringValue","stringValue":""},"disabled":{"boolValue":false,"kind":"boolValue"},"icon":{"kind":"stringValue","stringValue":""},"placeholder":{"kind":"stringValue","stringValue":""},"showTooltip":{"boolValue":false,"kind":"boolValue"}}}', false, true, true, '', '', NULL, false, false),
('6040f51f-7b41-4e7a-87b1-b48286a00bea', '961a3201-65a4-452a-a8e1-7c7ba137789c', false, 'guid', 'ID', 'v4', 'UUID', 'true', '{}', true, true, true, '', '', NULL, false, false),
('1267fb0d-2788-4171-ab69-b9573d3974a2', '961a3201-65a4-452a-a8e1-7c7ba137789c', false, 'role_id', 'IT''S RELATION', '', 'LOOKUP', '', '{}', true, true, true, '', '', '8283449e-7978-4e75-83d6-1b6f3a194683', false, false),
('285ceb40-6267-4f5e-9327-f75fe79e8bfe', '961a3201-65a4-452a-a8e1-7c7ba137789c', false, 'label', 'Название поля', '', 'SINGLE_LINE', 'string', '{"fields":{"defaultValue":{"kind":"stringValue","stringValue":""},"disabled":{"boolValue":false,"kind":"boolValue"},"icon":{"kind":"stringValue","stringValue":""},"placeholder":{"kind":"stringValue","stringValue":""},"showTooltip":{"boolValue":false,"kind":"boolValue"}}}', false, true, true, '', '', NULL, false, false),
('04d0889a-b9ba-4f5c-8473-c8447aab350d', 'ed3bf0d9-40a3-4b79-beb4-52506aa0b5ea', false, 'name', 'Название типа', '', 'SINGLE_LINE', 'string', '{"fields":{"maxLength":{"kind":"stringValue","stringValue":""},"placeholder":{"kind":"stringValue","stringValue":""},"showTooltip":{"boolValue":false,"kind":"boolValue"}}}', false, true, true, '', '', NULL, false, false),
('17f735bf-a308-4785-954b-924e755a51b8', 'ed3bf0d9-40a3-4b79-beb4-52506aa0b5ea', false, 'default_page', 'Default page', '', 'SINGLE_LINE', 'string', '{}', false, true, true, '', '', NULL, false, false),
('d99ac785-1d1a-49d8-af23-4d92774d15b6', 'ed3bf0d9-40a3-4b79-beb4-52506aa0b5ea', false, 'confirm_by', 'Подтверждено', '', 'PICK_LIST', 'string', '{"fields":{"options":{"kind":"listValue","listValue":{"values":[{"kind":"stringValue","stringValue":"UNDECIDED"},{"kind":"stringValue","stringValue":"PHONE"},{"kind":"stringValue","stringValue":"EMAIL"}]}},"placeholder":{"kind":"stringValue","stringValue":""},"showTooltip":{"boolValue":false,"kind":"boolValue"}}}', false, true, true, '', '', NULL, false, false),
('763a0625-59d7-4fd1-ad4b-7ef303c3aadf', 'ed3bf0d9-40a3-4b79-beb4-52506aa0b5ea', false, 'self_register', 'Саморегистрация', '', 'SWITCH', 'string', '{"fields":{"showTooltip":{"boolValue":false,"kind":"boolValue"}}}', false, true, true, '', '', NULL, false, false),
('5bcd3857-9f9e-4ab9-97da-52dbdcb3e5d7', 'ed3bf0d9-40a3-4b79-beb4-52506aa0b5ea', false, 'guid', 'ID', 'v4', 'UUID', 'true', '{}', true, true, true, '', '', NULL, false, false),
('d37e08d6-f7d0-441e-b7af-6034e5c2a77f', 'ed3bf0d9-40a3-4b79-beb4-52506aa0b5ea', false, 'self_recover', 'Самовосстановление', '', 'SWITCH', 'string', '{"fields":{"maxLength":{"kind":"stringValue","stringValue":""},"placeholder":{"kind":"stringValue","stringValue":""},"showTooltip":{"boolValue":false,"kind":"boolValue"}}}', false, true, true, '', '', NULL, false, false),
('faa90368-d201-4322-82b7-e370f788d248', 'ed3bf0d9-40a3-4b79-beb4-52506aa0b5ea', false, 'project_id', 'IT''S RELATION', '', 'LOOKUP', '', '{}', true, true, true, '', '', '094c33df-5556-45f3-a74c-7f589412bcc8', false, false),
('4eb81779-7529-420f-991f-a194e2010563', 'ed3bf0d9-40a3-4b79-beb4-52506aa0b5ea', false, 'client_platform_ids', 'IT''S RELATION', '', 'LOOKUPS', '', '{}', true, true, true, '', '', '426a0cd6-958d-4317-bf23-3b4ea4720e53', false, false),
('834df8ef-edb7-4170-996c-9bd5431d9a62', '08972256-30fb-4d75-b8cf-940d8c4fc8ac', false, 'table_slug', 'Таблица', '', 'SINGLE_LINE', 'string', '{"fields":{"defaultValue":{"kind":"stringValue","stringValue":""},"disabled":{"boolValue":false,"kind":"boolValue"},"icon":{"kind":"stringValue","stringValue":""},"placeholder":{"kind":"stringValue","stringValue":"table_slug"},"showTooltip":{"boolValue":false,"kind":"boolValue"}}}', false, true, true, '', '', NULL, false, false),
('5dda58a1-84ac-4c50-8993-02e2cefcb29a', '08972256-30fb-4d75-b8cf-940d8c4fc8ac', false, 'size', 'Размер', '', 'MULTISELECT', 'string', '{"fields":{"defaultValue":{"kind":"stringValue","stringValue":""},"disabled":{"boolValue":false,"kind":"boolValue"},"has_color":{"boolValue":false,"kind":"boolValue"},"has_icon":{"boolValue":false,"kind":"boolValue"},"icon":{"kind":"stringValue","stringValue":""},"is_multiselect":{"boolValue":false,"kind":"boolValue"},"options":{"kind":"listValue","listValue":{"values":[{"kind":"structValue","structValue":{"fields":{"color":{"kind":"stringValue","stringValue":""},"icon":{"kind":"stringValue","stringValue":""},"id":{"kind":"stringValue","stringValue":"l8pqwm99uvafrgkle38"},"label":{"kind":"stringValue","stringValue":"A4"},"value":{"kind":"stringValue","stringValue":"A4"}}}},{"kind":"structValue","structValue":{"fields":{"color":{"kind":"stringValue","stringValue":""},"icon":{"kind":"stringValue","stringValue":""},"id":{"kind":"stringValue","stringValue":"l8pqwp8kktxrtw6xebi"},"label":{"kind":"stringValue","stringValue":"A5"},"value":{"kind":"stringValue","stringValue":"A5"}}}}]}},"placeholder":{"kind":"stringValue","stringValue":"size"},"showTooltip":{"boolValue":false,"kind":"boolValue"}}}', false, true, true, '', '', NULL, false, false),
('9772b679-33ec-4004-b527-317a1165575e', '08972256-30fb-4d75-b8cf-940d8c4fc8ac', false, 'title', 'Название', '', 'SINGLE_LINE', 'string', '{"fields":{"defaultValue":{"kind":"stringValue","stringValue":""},"disabled":{"boolValue":false,"kind":"boolValue"},"icon":{"kind":"stringValue","stringValue":""},"placeholder":{"kind":"stringValue","stringValue":""},"showTooltip":{"boolValue":false,"kind":"boolValue"}}}', false, true, true, '', '', NULL, false, false),
('98279b02-10c0-409e-8303-14224fd76ec6', '08972256-30fb-4d75-b8cf-940d8c4fc8ac', false, 'html', 'HTML', '', 'SINGLE_LINE', 'string', '{"fields":{"defaultValue":{"kind":"stringValue","stringValue":""},"disabled":{"boolValue":false,"kind":"boolValue"},"icon":{"kind":"stringValue","stringValue":"address-card.svg"},"placeholder":{"kind":"stringValue","stringValue":""},"showTooltip":{"boolValue":false,"kind":"boolValue"}}}', false, true, true, '', '', NULL, false, false),
('494e1ad3-fce8-4e6c-921f-850d0ec73cc4', '08972256-30fb-4d75-b8cf-940d8c4fc8ac', false, 'guid', 'ID', 'v4', 'UUID', 'true', '{}', true, true, true, '', '', NULL, false, false),
('fd7f0fde-3de7-4073-b64d-bd3076c6e3fb', '08972256-30fb-4d75-b8cf-940d8c4fc8ac', false, 'doctors_ids', 'FROM doctors TO template', '', 'LOOKUPS', '', '{}', true, true, true, '', '', '4d5f933c-3d46-4303-95aa-31daccef96cf', false, false),
('a99106a9-32dc-446b-9850-8713d687804a', 'b1896ed7-ba00-46ae-ae53-b424d2233589', false, 'date', 'Время создание', '', 'DATE_TIME', 'string', '{"fields":{"defaultValue":{"kind":"stringValue","stringValue":""},"disabled":{"boolValue":false,"kind":"boolValue"},"icon":{"kind":"stringValue","stringValue":""},"placeholder":{"kind":"stringValue","stringValue":""},"showTooltip":{"boolValue":false,"kind":"boolValue"}}}', false, true, true, '', '', NULL, false, false),
('b1bb10c9-d399-4baa-98d1-0a04171ff5d1', 'b1896ed7-ba00-46ae-ae53-b424d2233589', false, 'tags', 'Теги', '', 'MULTISELECT', 'string', '{"fields":{"creatable":{"boolValue":false,"kind":"boolValue"},"defaultValue":{"kind":"stringValue","stringValue":""},"disabled":{"boolValue":false,"kind":"boolValue"},"has_color":{"boolValue":false,"kind":"boolValue"},"has_icon":{"boolValue":false,"kind":"boolValue"},"icon":{"kind":"stringValue","stringValue":""},"is_multiselect":{"boolValue":false,"kind":"boolValue"},"options":{"kind":"listValue","listValue":{"values":[{"kind":"structValue","structValue":{"fields":{"color":{"kind":"stringValue","stringValue":""},"icon":{"kind":"stringValue","stringValue":""},"id":{"kind":"stringValue","stringValue":"l8pr3dqxbq4nlviy49h"},"label":{"kind":"stringValue","stringValue":"Диагностика"},"value":{"kind":"stringValue","stringValue":"diagnostic"}}}},{"kind":"structValue","structValue":{"fields":{"color":{"kind":"stringValue","stringValue":""},"icon":{"kind":"stringValue","stringValue":""},"id":{"kind":"stringValue","stringValue":"l8pr3u7pgyf1lz5urgg"},"label":{"kind":"stringValue","stringValue":"Консультация"},"value":{"kind":"stringValue","stringValue":"consultation"}}}},{"kind":"structValue","structValue":{"fields":{"color":{"kind":"stringValue","stringValue":""},"icon":{"kind":"stringValue","stringValue":""},"id":{"kind":"stringValue","stringValue":"lao5vpro3wkmmqhss0p"},"label":{"kind":"stringValue","stringValue":"Лаборатория"},"value":{"kind":"stringValue","stringValue":"laboratory"}}}}]}},"placeholder":{"kind":"stringValue","stringValue":""},"showTooltip":{"boolValue":false,"kind":"boolValue"}}}', false, true, true, '', '', NULL, false, false),
('61870278-3195-4874-9c0c-28104bbfb19a', 'b1896ed7-ba00-46ae-ae53-b424d2233589', false, 'type', 'Тип файла', '', 'SINGLE_LINE', 'string', '{"fields":{"defaultValue":{"kind":"stringValue","stringValue":""},"disabled":{"boolValue":false,"kind":"boolValue"},"icon":{"kind":"stringValue","stringValue":""},"placeholder":{"kind":"stringValue","stringValue":""},"showTooltip":{"boolValue":false,"kind":"boolValue"}}}', false, true, true, '', '', NULL, false, false),
('afb99f72-106d-4939-b831-9e4b025afb9f', 'b1896ed7-ba00-46ae-ae53-b424d2233589', false, 'name', 'Название', '', 'SINGLE_LINE', 'string', '{"fields":{"defaultValue":{"kind":"stringValue","stringValue":""},"disabled":{"boolValue":false,"kind":"boolValue"},"icon":{"kind":"stringValue","stringValue":""},"placeholder":{"kind":"stringValue","stringValue":""},"showTooltip":{"boolValue":false,"kind":"boolValue"}}}', false, true, true, '', '', NULL, false, false),
('b7e00be4-70f2-4a57-bf77-91d3834d0520', 'b1896ed7-ba00-46ae-ae53-b424d2233589', false, 'size', 'Размер', '', 'NUMBER', 'string', '{"fields":{"defaultValue":{"kind":"stringValue","stringValue":""},"disabled":{"boolValue":false,"kind":"boolValue"},"icon":{"kind":"stringValue","stringValue":""},"placeholder":{"kind":"stringValue","stringValue":""},"showTooltip":{"boolValue":false,"kind":"boolValue"}}}', false, true, true, '', '', NULL, false, false),
('5c0efd79-60f4-455b-b1df-e51e3b56b140', 'b1896ed7-ba00-46ae-ae53-b424d2233589', false, 'file_link', 'Линк фaйла', '', 'SINGLE_LINE', 'string', '{"fields":{"creatable":{"boolValue":false,"kind":"boolValue"},"defaultValue":{"kind":"stringValue","stringValue":""},"disabled":{"boolValue":false,"kind":"boolValue"},"icon":{"kind":"stringValue","stringValue":""},"placeholder":{"kind":"stringValue","stringValue":""},"showTooltip":{"boolValue":false,"kind":"boolValue"}}}', false, true, true, '', '', NULL, false, false),
('a9199d67-72bc-42b0-bcd3-04d8a18b9441', 'b1896ed7-ba00-46ae-ae53-b424d2233589', false, 'guid', 'ID', 'v4', 'UUID', 'true', '{}', true, true, true, '', '', NULL, false, false),
('ef53a742-3442-4225-8a9c-90d59ab9b53c', 'b1896ed7-ba00-46ae-ae53-b424d2233589', false, 'patients_id', 'IT''S RELATION', '', 'LOOKUP', '', '{}', true, true, true, '', '', 'ccc39e6d-f3f6-43b0-82f3-eee3044d25f8', false, false),
('69652ef4-71e8-43dc-8cd5-dd0572f6b9a7', 'b1896ed7-ba00-46ae-ae53-b424d2233589', false, 'doctors_id', 'IT''S RELATION', '', 'LOOKUP', '', '{}', true, true, true, '', '', 'c257fe1d-488b-4d0f-a657-b0b729811a56', false, false),
('4be7708d-e8af-4687-ad3d-8df0f7be1566', 'b1896ed7-ba00-46ae-ae53-b424d2233589', false, 'cashbox_id', 'FROM file TO cash_transaction', '', 'LOOKUP', 'string', '{"fields":{"creatable":{"boolValue":false,"kind":"boolValue"},"defaultValue":{"kind":"stringValue","stringValue":""},"disabled":{"boolValue":false,"kind":"boolValue"},"icon":{"kind":"stringValue","stringValue":""},"placeholder":{"kind":"stringValue","stringValue":""},"showTooltip":{"boolValue":false,"kind":"boolValue"}}}', true, true, true, '', '', 'dae09c03-247a-4353-8f17-fc35e545a44e', false, false),
('bd35cc88-e671-41a6-a334-554b88a20604', 'b1896ed7-ba00-46ae-ae53-b424d2233589', false, 'branches_id', 'FROM file TO branches', '', 'LOOKUP', '', '{}', true, true, true, '', '', 'e7604b67-027f-4314-a270-86db31e33887', false, false),
('673a828f-3955-40f7-8968-dfee6eb6442d', 'b1896ed7-ba00-46ae-ae53-b424d2233589', false, 'specialities_id', 'FROM file TO specialities', '', 'LOOKUP', '', '{}', true, true, true, '', '', 'df8b1c3b-7f1a-43f4-8368-b37f191c888d', false, false),
('bbe64ec5-9b8b-4b8a-886f-fa96342f29ab', 'b1896ed7-ba00-46ae-ae53-b424d2233589', false, 'news_id', 'FROM file TO news', '', 'LOOKUP', '', '{}', true, true, true, '', '', '89afc0b2-431b-4243-a22f-53539f50deff', false, false),
('eb0c1ac2-eff3-4ca2-b383-9c801a2992ff', '4c1f5c95-1528-4462-8d8c-cd377c23f7f7', false, 'method', 'Метод', '', 'SINGLE_LINE', 'string', '{"fields":{"creatable":{"boolValue":false,"kind":"boolValue"},"defaultValue":{"kind":"stringValue","stringValue":""},"disabled":{"boolValue":false,"kind":"boolValue"},"icon":{"kind":"stringValue","stringValue":""},"placeholder":{"kind":"stringValue","stringValue":""},"showTooltip":{"boolValue":false,"kind":"boolValue"}}}', false, true, true, '', '', NULL, false, false),
('7ae7cc2b-d0eb-4e76-9a9f-8b72c8dc9a71', '25698624-5491-4c39-99ec-aed2eaf07b97', false, 'is_public', 'Общедоступ', '', 'SWITCH', 'string', '{"fields":{"creatable":{"boolValue":false,"kind":"boolValue"},"defaultValue":{"kind":"stringValue","stringValue":""},"disabled":{"boolValue":false,"kind":"boolValue"},"icon":{"kind":"stringValue","stringValue":""},"placeholder":{"kind":"stringValue","stringValue":""},"showTooltip":{"boolValue":false,"kind":"boolValue"}}}', false, true, true, '', '', NULL, false, false),
('f27ad9eb-77b8-442e-8dd6-b674c34e11b2', '08a391b2-1c78-4f3e-b84a-9d745e7d528f', false, 'update', 'Изменение', '', 'SWITCH', 'string', '{"fields":{"maxLength":{"kind":"stringValue","stringValue":""},"placeholder":{"kind":"stringValue","stringValue":""},"showTooltip":{"boolValue":false,"kind":"boolValue"}}}', false, true, true, '', '', NULL, false, false),
('76542bfd-dddf-433d-a62c-a9b9e63a778e', '08a391b2-1c78-4f3e-b84a-9d745e7d528f', false, 'menu_id', 'Menu id', '', 'SINGLE_LINE', 'string', '{"fields":{"maxLength":{"kind":"stringValue","stringValue":""},"placeholder":{"kind":"stringValue","stringValue":""},"showTooltip":{"boolValue":false,"kind":"boolValue"}}}', false, true, true, '', '', NULL, false, false),
('24f6f31c-99ac-47eb-aeb4-eed4b66f2634', '08a391b2-1c78-4f3e-b84a-9d745e7d528f', false, 'guid', 'ID', 'v4', 'UUID', 'true', '{}', true, true, true, '', '', NULL, false, false),
('c07b5a98-ac39-40d3-b379-9f22f8978283', '08a391b2-1c78-4f3e-b84a-9d745e7d528f', false, 'read', 'Чтение', '', 'SWITCH', 'string', '{"fields":{"maxLength":{"kind":"stringValue","stringValue":""},"placeholder":{"kind":"stringValue","stringValue":""},"showTooltip":{"boolValue":false,"kind":"boolValue"}}}', false, true, true, '', '', NULL, false, false),
('78696817-fb90-4072-b061-3149e0ae44fe', '08a391b2-1c78-4f3e-b84a-9d745e7d528f', false, 'delete', 'Удаление', '', 'SWITCH', 'string', '{"fields":{"maxLength":{"kind":"stringValue","stringValue":""},"placeholder":{"kind":"stringValue","stringValue":""},"showTooltip":{"boolValue":false,"kind":"boolValue"}}}', false, true, true, '', '', NULL, false, false),
('50335ad5-ddf7-48e5-b1c1-5b1cadbd7730', '08a391b2-1c78-4f3e-b84a-9d745e7d528f', false, 'write', 'Write', '', 'SWITCH', 'string', '{"fields":{"maxLength":{"kind":"stringValue","stringValue":""},"placeholder":{"kind":"stringValue","stringValue":""},"showTooltip":{"boolValue":false,"kind":"boolValue"}}}', false, true, true, '', '', NULL, false, false),
('718e9580-f67f-48fe-a2bc-76d8ac88ea8e', '08a391b2-1c78-4f3e-b84a-9d745e7d528f', false, 'role_id', 'IT''S RELATION', '', 'LOOKUP', '', '{}', true, true, true, '', '', '3f21b211-deaf-4869-8558-31a9359411e9', false, false),
('50335ad5-ddf7-48e5-b1c1-5b1cadbd7731', '08a391b2-1c78-4f3e-b84a-9d745e7d528f', false, 'menu_settings', 'Настройки', '', 'SWITCH', 'string', '{"fields":{"maxLength":{"kind":"stringValue","stringValue":""},"placeholder":{"kind":"stringValue","stringValue":""},"showTooltip":{"boolValue":false,"kind":"boolValue"}}}', false, true, true, '', '', NULL, false, false),
('e3d79de4-7fa7-4803-818b-0edcca3793fa', '1b066143-9aad-4b28-bd34-0032709e463b', false, 'guid', 'ID', 'v4', 'UUID', 'true', '{}', true, true, true, '', '', NULL, false, false),
('9139919e-3f77-4e7b-b3d5-e1bca64f6c34', '1b066143-9aad-4b28-bd34-0032709e463b', false, 'menu_button', 'Кнопка меню', '', 'SWITCH', 'string', '{"fields":{"maxLength":{"kind":"stringValue","stringValue":""},"placeholder":{"kind":"stringValue","stringValue":""},"showTooltip":{"boolValue":false,"kind":"boolValue"}}}', false, true, true, '', '', NULL, false, false),
('d891975a-a5d5-4da1-a2f4-af4ce1ce3945', '1b066143-9aad-4b28-bd34-0032709e463b', false, 'settings_button', 'Кнопка настроек', '', 'SWITCH', 'string', '{"fields":{"maxLength":{"kind":"stringValue","stringValue":""},"placeholder":{"kind":"stringValue","stringValue":""},"showTooltip":{"boolValue":false,"kind":"boolValue"}}}', false, true, true, '', '', NULL, false, false),
('954c4572-bde1-4cf1-948e-01f728fd5691', '1b066143-9aad-4b28-bd34-0032709e463b', false, 'chat', 'Чат', '', 'SWITCH', 'string', '{"fields":{"maxLength":{"kind":"stringValue","stringValue":""},"placeholder":{"kind":"stringValue","stringValue":""},"showTooltip":{"boolValue":false,"kind":"boolValue"}}}', false, true, true, '', '', NULL, false, false),
('0b7899ea-f352-4f79-af64-276854999e9a', '1b066143-9aad-4b28-bd34-0032709e463b', false, 'role_id', 'IT''S RELATION', '', 'LOOKUP', '', '{}', true, true, true, '', '', 'f24802bc-f72f-4195-b44c-a152c9fa9f28', false, false),
('9b157a1b-0233-41fd-a25c-6d8ebb30ab22', '1b066143-9aad-4b28-bd34-0032709e463b', false, 'projects_button', 'Projects', '', 'SWITCH', 'string', '{"fields":{"maxLength":{"kind":"stringValue","stringValue":""},"placeholder":{"kind":"stringValue","stringValue":""},"showTooltip":{"boolValue":false,"kind":"boolValue"}}}', false, true, true, '', '', NULL, false, false),
('52402ed2-8c88-498e-8d7b-19363cc978d1', '1b066143-9aad-4b28-bd34-0032709e463b', false, 'environments_button', 'Environments', '', 'SWITCH', 'string', '{"fields":{"maxLength":{"kind":"stringValue","stringValue":""},"placeholder":{"kind":"stringValue","stringValue":""},"showTooltip":{"boolValue":false,"kind":"boolValue"}}}', false, true, true, '', '', NULL, false, false),
('cc49e5d8-ac6a-468f-b679-7fd48100d8a5', '1b066143-9aad-4b28-bd34-0032709e463b', false, 'api_keys_button', 'Api keys', '', 'SWITCH', 'string', '{"fields":{"maxLength":{"kind":"stringValue","stringValue":""},"placeholder":{"kind":"stringValue","stringValue":""},"showTooltip":{"boolValue":false,"kind":"boolValue"}}}', false, true, true, '', '', NULL, false, false),
('443ac038-8caf-480e-a4d2-76f6dcaccaab', '1b066143-9aad-4b28-bd34-0032709e463b', false, 'redirects_button', 'Redirects', '', 'SWITCH', 'string', '{"fields":{"maxLength":{"kind":"stringValue","stringValue":""},"placeholder":{"kind":"stringValue","stringValue":""},"showTooltip":{"boolValue":false,"kind":"boolValue"}}}', false, true, true, '', '', NULL, false, false),
('aabde577-efb8-4ea2-81bf-38c6ec02f4eb', '1b066143-9aad-4b28-bd34-0032709e463b', false, 'menu_setting_button', 'Menu settings', '', 'SWITCH', 'string', '{"fields":{"maxLength":{"kind":"stringValue","stringValue":""},"placeholder":{"kind":"stringValue","stringValue":""},"showTooltip":{"boolValue":false,"kind":"boolValue"}}}', false, true, true, '', '', NULL, false, false),
('42d81d3b-9430-4780-8990-47e79cfb3f3f', '1b066143-9aad-4b28-bd34-0032709e463b', false, 'profile_settings_button', 'Profile settings', '', 'SWITCH', 'string', '{"fields":{"maxLength":{"kind":"stringValue","stringValue":""},"placeholder":{"kind":"stringValue","stringValue":""},"showTooltip":{"boolValue":false,"kind":"boolValue"}}}', false, true, true, '', '', NULL, false, false),
('1882d79a-9ae9-4474-b1f8-6d372188b2e5', '1b066143-9aad-4b28-bd34-0032709e463b', false, 'project_settings_button', 'Project settings', '', 'SWITCH', 'string', '{"fields":{"maxLength":{"kind":"stringValue","stringValue":""},"placeholder":{"kind":"stringValue","stringValue":""},"showTooltip":{"boolValue":false,"kind":"boolValue"}}}', false, true, true, '', '', NULL, false, false),
('e1b087b1-a72a-4ac7-9738-559084e96f45', '1b066143-9aad-4b28-bd34-0032709e463b', false, 'environment_button', 'Environments', '', 'SWITCH', 'string', '{"fields":{"maxLength":{"kind":"stringValue","stringValue":""},"placeholder":{"kind":"stringValue","stringValue":""},"showTooltip":{"boolValue":false,"kind":"boolValue"}}}', false, true, true, '', '', NULL, false, false),
('b374dede-bdc1-4477-b9ad-9dc62cc42cbb', '1b066143-9aad-4b28-bd34-0032709e463b', false, 'version_button', 'Version', '', 'SWITCH', 'string', '{"fields":{"maxLength":{"kind":"stringValue","stringValue":""},"placeholder":{"kind":"stringValue","stringValue":""},"showTooltip":{"boolValue":false,"kind":"boolValue"}}}', false, true, true, '', '', NULL, false, false),
('ee0e255f-f442-4493-9d9b-d0263dd76ab5', '1b066143-9aad-4b28-bd34-0032709e463b', false, 'project_button', 'Project', '', 'SWITCH', 'string', '{"fields":{"maxLength":{"kind":"stringValue","stringValue":""},"placeholder":{"kind":"stringValue","stringValue":""},"showTooltip":{"boolValue":false,"kind":"boolValue"}}}', false, true, true, '', '', NULL, false, false),
('fafa6c40-71ad-4372-a8ca-1a3e0846582e', '1b066143-9aad-4b28-bd34-0032709e463b', false, 'sms_button', 'SMS', '', 'SWITCH', 'string', '{"fields":{"maxLength":{"kind":"stringValue","stringValue":""},"placeholder":{"kind":"stringValue","stringValue":""},"showTooltip":{"boolValue":false,"kind":"boolValue"}}}', false, true, true, '', '', NULL, false, false),
('3ac5430c-e5ed-4f69-9cbb-61ef23918e1a', '65a7936b-f3db-4401-afef-8eee77b68da3', false, 'guid', 'ID', 'v4', 'UUID', 'true', '{}', true, true, true, '', '', NULL, false, false),
('bd8702b7-d2f1-4d07-b1c9-70c33608f5d2', '65a7936b-f3db-4401-afef-8eee77b68da3', false, 'view', 'Чтение', '', 'SWITCH', 'string', '{"fields":{"maxLength":{"kind":"stringValue","stringValue":""},"placeholder":{"kind":"stringValue","stringValue":""},"showTooltip":{"boolValue":false,"kind":"boolValue"}}}', false, true, true, '', '', NULL, false, false),
('829e633e-e00d-49cc-89b2-88f6066c95a7', '65a7936b-f3db-4401-afef-8eee77b68da3', false, 'edit', 'Write', '', 'SWITCH', 'string', '{"fields":{"maxLength":{"kind":"stringValue","stringValue":""},"placeholder":{"kind":"stringValue","stringValue":""},"showTooltip":{"boolValue":false,"kind":"boolValue"}}}', false, true, true, '', '', NULL, false, false),
('0ecc1f74-619e-4304-ab8d-82434c792820', '65a7936b-f3db-4401-afef-8eee77b68da3', false, 'delete', 'Delete', '', 'SWITCH', 'string', '{"fields":{"maxLength":{"kind":"stringValue","stringValue":""},"placeholder":{"kind":"stringValue","stringValue":""},"showTooltip":{"boolValue":false,"kind":"boolValue"}}}', false, true, true, '', '', NULL, false, false),
('f97f7f87-0357-44e8-8f9a-9615c6bae5a1', '65a7936b-f3db-4401-afef-8eee77b68da3', false, 'role_id', 'IT''S RELATION', '', 'LOOKUP', '', '{}', true, true, true, '', '', 'e1530f57-ea8f-42be-98d3-011649f92ba1', false, false),
('fa3ec9d8-3524-43eb-a583-f3753b1cc71e', '65a7936b-f3db-4401-afef-8eee77b68da3', false, 'view_id', 'IT''S RELATION', '', 'LOOKUP', '', '{}', true, true, true, '', '', '65244ef6-538d-405e-8a08-d84cc7e9e7ec', false, false),
('dc177d03-8e3d-416e-979e-3b294a4168e8', '25698624-5491-4c39-99ec-aed2eaf07b97', false, 'pdf_action', 'PDF Action', '', 'SINGLE_LINE', 'string', '{"fields":{"maxLength":{"kind":"stringValue","stringValue":""},"placeholder":{"kind":"stringValue","stringValue":""},"showTooltip":{"boolValue":false,"kind":"boolValue"}}}', false, true, true, '', '', NULL, false, false),
('02257f5a-4d16-4d31-98f0-04eb7d1f7c96', '25698624-5491-4c39-99ec-aed2eaf07b97', false, 'add_field', 'Add Field', '', 'SINGLE_LINE', 'string', '{"fields":{"maxLength":{"kind":"stringValue","stringValue":""},"placeholder":{"kind":"stringValue","stringValue":""},"showTooltip":{"boolValue":false,"kind":"boolValue"}}}', false, true, true, '', '', NULL, false, false),
('8498e227-7ab8-4ebe-81fa-9995fb63a301', '25698624-5491-4c39-99ec-aed2eaf07b97', false, 'language_btn', 'Language', '', 'SINGLE_LINE', 'string', '{"fields":{"maxLength":{"kind":"stringValue","stringValue":""},"placeholder":{"kind":"stringValue","stringValue":""},"showTooltip":{"boolValue":false,"kind":"boolValue"}}}', false, true, true, '', '', NULL, false, false),
('0b2e6bad-e461-4cfc-acf1-f59f98d46e57', '25698624-5491-4c39-99ec-aed2eaf07b97', false, 'view_create', 'View create', '', 'SINGLE_LINE', 'string', '{"fields":{"maxLength":{"kind":"stringValue","stringValue":""},"placeholder":{"kind":"stringValue","stringValue":""},"showTooltip":{"boolValue":false,"kind":"boolValue"}}}', false, true, true, '', '', NULL, false, false),
('ab927fe6-30ed-488c-b4cc-0d5712f7a461', '25698624-5491-4c39-99ec-aed2eaf07b97', false, 'automation', 'Automation', '', 'SINGLE_LINE', 'string', '{"fields":{"maxLength":{"kind":"stringValue","stringValue":""},"placeholder":{"kind":"stringValue","stringValue":""},"showTooltip":{"boolValue":false,"kind":"boolValue"}}}', false, true, true, '', '', NULL, false, false),
('96b034d5-d7b2-4d23-bbf6-7fe4041c520a', '25698624-5491-4c39-99ec-aed2eaf07b97', false, 'settings', 'Settings', '', 'SINGLE_LINE', 'string', '{"fields":{"maxLength":{"kind":"stringValue","stringValue":""},"placeholder":{"kind":"stringValue","stringValue":""},"showTooltip":{"boolValue":false,"kind":"boolValue"}}}', false, true, true, '', '', NULL, false, false),
('52ea67a2-079d-4a03-907a-b0594ffede51', '25698624-5491-4c39-99ec-aed2eaf07b97', false, 'share_modal', 'Share modal', '', 'SINGLE_LINE', 'string', '{"fields":{"maxLength":{"kind":"stringValue","stringValue":""},"placeholder":{"kind":"stringValue","stringValue":""},"showTooltip":{"boolValue":false,"kind":"boolValue"}}}', false, true, true, '', '', NULL, false, false),
('98412b66-0f8f-42a3-be9b-2adcc0169d8d', '25698624-5491-4c39-99ec-aed2eaf07b97', false, 'delete_all', 'Delete all', '', 'SINGLE_LINE', 'string', '{"fields":{"maxLength":{"kind":"stringValue","stringValue":""},"placeholder":{"kind":"stringValue","stringValue":""},"showTooltip":{"boolValue":false,"kind":"boolValue"}}}', false, true, true, '', '', NULL, false, false),
('04b4921f-323f-45ce-835c-8f5ad5486634', '0ade55f8-c84d-42b7-867f-6418e1314e28', false, 'main_table_slug', 'Main Table Slug', '', 'SINGLE_LINE', 'string', '{"fields":{"defaultValue":{"kind":"stringValue","stringValue":""},"disabled":{"boolValue":false,"kind":"boolValue"},"icon":{"kind":"stringValue","stringValue":""},"placeholder":{"kind":"stringValue","stringValue":""},"showTooltip":{"boolValue":false,"kind":"boolValue"}}}', false, true, true, '', '', NULL, false, false),
('71e5f87f-de45-40ee-baa7-a8654b1c4eff', '0ade55f8-c84d-42b7-867f-6418e1314e28', false, 'field_slug', 'Field Slug', '', 'SINGLE_LINE', 'string', '{"fields":{"defaultValue":{"kind":"stringValue","stringValue":""},"disabled":{"boolValue":false,"kind":"boolValue"},"icon":{"kind":"stringValue","stringValue":""},"placeholder":{"kind":"stringValue","stringValue":""},"showTooltip":{"boolValue":false,"kind":"boolValue"}}}', false, true, true, '', '', NULL, false, false),
('9cebaca0-5198-4369-8951-e5b8ce820b08', '4c1f5c95-1528-4462-8d8c-cd377c23f7f7', false, 'not_use_in_tab', 'Не использовать в таб', '', 'SWITCH', 'string', '{"fields":{"defaultValue":{"kind":"stringValue","stringValue":""},"icon":{"kind":"stringValue","stringValue":""},"label_ru":{"kind":"stringValue","stringValue":"Не использовать в таб"},"label_uz":{"kind":"stringValue","stringValue":"Tab da ishlatilmasin"},"number_of_rounds":{"kind":"nullValue","nullValue":"NULL_VALUE"},"showTooltip":{"boolValue":false,"kind":"boolValue"},"show_label":{"boolValue":false,"kind":"boolValue"}}}', false, true, true, '', '', NULL, false, false);

-- RELATION
INSERT INTO "relation"("id", "table_from", "field_from", "table_to", "field_to", "type", "view_fields", "relation_field_slug", "editable", "is_system", "is_user_id_default", "object_id_from_jwt", "cascading_tree_table_slug", "cascading_tree_field_slug") VALUES 
('9be077e7-d2e1-459a-a54b-04cb2a65c552', 'user', 'language_setting_id', 'language_setting', 'id', 'Many2One', '{}', '', false, true, false, false, '', ''),
('c168f2df-c6a2-4921-8c56-56e708a8d766', 'user', 'timezone_setting_id', 'timezone_setting', 'id', 'Many2One', '{}', '', false, true, false, false, '', ''),
('426a0cd6-958d-4317-bf23-3b4ea4720e53', 'client_type', 'client_platform_ids', 'client_platform', 'client_type_ids', 'Many2Many', '{}', '', false, true, false, false, '', ''),
('ca008469-cfe2-4227-86db-efdf69680310', 'role', 'client_platform_id', 'client_platform', 'id', 'Many2One', '{}', '', false, true, false, false, '', ''),
('e03071ed-a3e1-417d-a654-c0998a7c74bc', 'user', 'client_platform_id', 'client_platform', 'id', 'Many2One', '{}', '', false, true, false, false, '', ''),
('8ab28259-800d-4079-8572-a0f033d70e35', 'role', 'client_type_id', 'client_type', 'id', 'Many2One', '{}', '', false, true, false, false, '', ''),
('8f123dec-dfe4-4b89-956c-f607c84a84bd', 'user', 'client_type_id', 'client_type', 'id', 'Many2One', '{}', '', false, true, false, false, '', ''),
('65a2d42f-5479-422f-84db-1a98547dfa04', 'connections', 'client_type_id', 'client_type', 'id', 'Many2One', '{}', '', false, true, false, false, '', ''),
('79bdd075-eef0-48d1-b763-db8dfd819043', 'test_login', 'client_type_id', 'client_type', 'id', 'Many2One', '{}', '', false, true, false, false, '', ''),
('63b54109-5476-43c1-bf26-24e2266a33f0', 'user', 'role_id', 'role', 'id', 'Many2One', '{}', '', false, true, false, false, '', ''),
('82e93baf-2e02-432a-942b-2c93cbe26b89', 'record_permission', 'role_id', 'role', 'id', 'Many2One', '{}', '', false, true, false, false, '', ''),
('697fbd16-97d8-4233-ab21-4ce12dd6c5c6', 'automatic_filter', 'role_id', 'role', 'id', 'Many2One', '{}', '', false, true, false, false, '', ''),
('8283449e-7978-4e75-83d6-1b6f3a194683', 'field_permission', 'role_id', 'role', 'id', 'Many2One', '{}', '', false, true, false, false, '', ''),
('d522a2ac-7fb4-413d-b5bb-8d1d34b65b98', 'action_permission', 'role_id', 'role', 'id', 'Many2One', '{}', '', false, true, false, false, '', ''),
('158213ef-f38d-4c0d-b9ec-815e4d27db7e', 'view_relation_permission', 'role_id', 'role', 'id', 'Many2One', '{}', '', false, true, false, false, '', ''),
('0ab05a13-d077-4086-9b7e-a4029d451acd', 'cashbox', 'user_id', 'user', 'id', 'Many2One', '{}', '', false, true, true, false, '', ''),
('37f23a8e-2820-4759-a4b5-dfae0fb073e2', 'branches', 'template_id', 'template', 'id', 'Many2One', '{}', '', false, true, false, false, '', ''),
('ccc39e6d-f3f6-43b0-82f3-eee3044d25f8', 'file', 'patients_id', 'patients', 'id', 'Many2One', '{}', '', false, true, false, false, '', ''),
('dae09c03-247a-4353-8f17-fc35e545a44e', 'file', 'cashbox_id', 'cashbox', 'id', 'Many2One', '{}', '', false, true, false, false, '', ''),
('e7604b67-027f-4314-a270-86db31e33887', 'file', 'branches_id', 'branches', 'id', 'Many2One', '{}', '', false, true, false, false, '', ''),
('df8b1c3b-7f1a-43f4-8368-b37f191c888d', 'file', 'specialities_id', 'specialities', 'id', 'Many2One', '{}', '', false, true, false, false, '', ''),
('89afc0b2-431b-4243-a22f-53539f50deff', 'file', 'news_id', 'news', 'id', 'Many2One', '{}', '', false, true, false, false, '', ''),
('3f21b211-deaf-4869-8558-31a9359411e9', 'menu_permission', 'role_id', 'role', 'id', 'Many2One', '{}', '', false, true, false, false, '', ''),
('f24802bc-f72f-4195-b44c-a152c9fa9f28', 'global_permission', 'role_id', 'role', 'id', 'Many2One', '{}', '', false, true, false, false, '', ''),
('e1530f57-ea8f-42be-98d3-011649f92ba1', 'view_permission', 'role_id', 'role', 'id', 'Many2One', '{}', '', false, true, false, false, '', ''),
('65244ef6-538d-405e-8a08-d84cc7e9e7ec', 'view', 'id', 'view_permission', 'id', 'Many2One', '{}', '', false, true, false, false, '', '');

-- MENU SETTING
INSERT INTO "menu_setting"("id", "icon_style", "icon_size") VALUES
('adea69cd-9968-4ad0-8e43-327f6600abfd', 'SIMPLE', 'MEDIUM');

-- MENU
INSERT INTO "menu"("id", "label", "parent_id", "type", "icon", "menu_settings_id", "is_static") VALUES
('c57eedc3-a954-4262-a0af-376c65b5a284', 'ROOT', NULL, 'FOLDER', 'user-shield.svg', 'adea69cd-9968-4ad0-8e43-327f6600abfd', true),
('c57eedc3-a954-4262-a0af-376c65b5a282', 'Content', 'c57eedc3-a954-4262-a0af-376c65b5a284', 'FOLDER', 'folder.svg', NULL, true),
('c57eedc3-a954-4262-a0af-376c65b5a280', 'Settings', 'c57eedc3-a954-4262-a0af-376c65b5a284', 'FOLDER', 'folder.svg', NULL, true);

-- SECTION
INSERT INTO "section" ("id", "order", "column", "label", "icon", "is_summary_section", "table_id")
VALUES 
('dae3b1e4-a272-42b2-8a53-24740f490c61', 1, 'SINGLE', 'Детали', 'circle-info.svg', false, '074fcb3b-038d-483d-b390-ca69490fc4c3'),
('6c8eabc5-4de2-4eb5-b98a-768f0d340819', 2, 'SINGLE', 'Summary', '', true, '074fcb3b-038d-483d-b390-ca69490fc4c3'),
('0819a8b6-f821-4e54-9098-beab8cef352c', 1, 'SINGLE', 'Инфо', 'circle-info.svg', false, '0ade55f8-c84d-42b7-867f-6418e1314e28'),
('5934a317-94f1-4ad6-b93a-bec839a9140c', 1, 'SINGLE', 'Инфо', 'circle-info.svg', false, '1ab7fadc-1f2b-4934-879d-4e99772526ad'),
('b8f29626-81d4-494c-9c62-fb523bfcca65', 2, 'SINGLE', 'Summary', '', true, '2546e042-af2f-4cef-be7c-834e6bde951c'),
('13f969c2-d7b2-46a5-a436-0c263f31af8b', 1, 'SINGLE', 'Инфо', 'circle-info.svg', false, '2546e042-af2f-4cef-be7c-834e6bde951c'),
('1d9bc74b-7f9c-47da-b257-071010b6f28f', 1, 'SINGLE', 'Инфо', 'info.svg', false, '25698624-5491-4c39-99ec-aed2eaf07b97'),
('85ba2dfb-2e53-47d1-897b-b38fb5fb96a2', 1, 'SINGLE', 'Info', 'circle-info.svg', false, '373e9aae-315b-456f-8ec3-0851cad46fbf'),
('92e97876-37e5-4c26-9ffd-757ef6f27b3d', 1, 'SINGLE', 'Инфо', 'circle-info.svg', false, '4c1f5c95-1528-4462-8d8c-cd377c23f7f7'),
('0c4e79e7-45d8-4048-b81d-8b18f7bf783e', 1, 'SINGLE', 'Info', 'circle-info.svg', false, '53edfff0-2a31-4c73-b230-06a134afa50b'),
('9b849f45-561f-477f-a1d6-e7cbf6fe41a6', 2, 'SINGLE', 'Summary', '', true, '5af2bfb2-6880-42ad-80c8-690e24a2523e'),
('1481e534-b6a2-44d8-8e78-e2e75083fb88', 1, 'SINGLE', 'Детали', 'circle-info.svg', false, '5af2bfb2-6880-42ad-80c8-690e24a2523e'),
('1ef2a483-2135-448d-b3b6-c4a496425573', 1, 'SINGLE', 'Инфо', 'circle-info.svg', false, '5db33db7-4524-4414-b65a-b6b8e5bba345'),
('5d356993-be07-48af-b719-e4eecc5e6b5f', 1, 'SINGLE', 'Детали', 'circle-info.svg', false, '961a3201-65a4-452a-a8e1-7c7ba137789c'),
('c9453c53-ca78-4d55-91f7-4f3dfe271e36', 1, 'SINGLE', 'Инфо', 'circle-info.svg', false, 'ed3bf0d9-40a3-4b79-beb4-52506aa0b5ea'),
('71441c9d-0d95-4124-98e2-341260df93d6', 1, 'SINGLE', 'Детали', 'circle-info.svg', false, '08972256-30fb-4d75-b8cf-940d8c4fc8ac'),
('9db609be-0c53-42fe-b063-cdbc64bc4e76', 2, 'SINGLE', 'Summary', '', true, '08972256-30fb-4d75-b8cf-940d8c4fc8ac'),
('180c2a0c-29fa-43aa-851f-36ac3f3fe382', 1, 'SINGLE', 'Детали', 'circle-info.svg', false, 'b1896ed7-ba00-46ae-ae53-b424d2233589'),
('d8799d30-d7f1-4558-9efe-700627aff734', 2, 'SINGLE', 'Summary', '', true, 'b1896ed7-ba00-46ae-ae53-b424d2233589');

-- SECTION FIELD
INSERT INTO "section_field" ("section_id", "id", "column", "order", "field_name", "relation_type")
VALUES 
('dae3b1e4-a272-42b2-8a53-24740f490c61', 'c5962e1c-2687-46a5-b2dd-d46d41a038c1', 0, 1, 'Разрешение на просмотр', ''),
('dae3b1e4-a272-42b2-8a53-24740f490c61', '076c519a-5503-4bff-99f1-c741ed7d47b8', 0, 2, 'Ид связа', ''),
('dae3b1e4-a272-42b2-8a53-24740f490c61', 'd8127cf2-2d60-474e-94ba-317d3b1ba18a', 0, 3, 'Название таблица', ''),
('dae3b1e4-a272-42b2-8a53-24740f490c61', 'role#158213ef-f38d-4c0d-b9ec-815e4d27db7e', 0, 4, 'Роли', 'Many2One'),
('0819a8b6-f821-4e54-9098-beab8cef352c', '546320ae-8d9f-43cb-afde-3df5701e4b49', 0, 1, 'Icon', ''),
('0819a8b6-f821-4e54-9098-beab8cef352c', '9d53673d-4df3-4679-91be-8a787bdff724', 0, 2, 'Table Slug', ''),
('0819a8b6-f821-4e54-9098-beab8cef352c', 'b73c268c-9b91-47e4-9cb8-4f1d4ad14605', 0, 3, 'View label', ''),
('0819a8b6-f821-4e54-9098-beab8cef352c', 'a9767595-8863-414e-9220-f6499def0276', 0, 4, 'View Slug', ''),
('0819a8b6-f821-4e54-9098-beab8cef352c', '71a33f28-002e-42a9-95fe-934a1f04b789', 0, 5, 'Тип', ''),
('0819a8b6-f821-4e54-9098-beab8cef352c', 'c71928df-22d1-408c-8d63-7784cbec4a1d', 0, 6, 'Название', ''),
('0819a8b6-f821-4e54-9098-beab8cef352c', 'client_type#65a2d42f-5479-422f-84db-1a98547dfa04', 0, 7, 'Тип клиентов', 'Many2One'),
('5934a317-94f1-4ad6-b93a-bec839a9140c', 'c12adfef-2991-4c6a-9dff-b4ab8810f0df', 0, 1, 'Название роли', ''),
('5934a317-94f1-4ad6-b93a-bec839a9140c', 'client_type#8ab28259-800d-4079-8572-a0f033d70e35', 0, 2, 'Тип клиентов', 'Many2One'),
('5934a317-94f1-4ad6-b93a-bec839a9140c', 'client_platform#ca008469-cfe2-4227-86db-efdf69680310', 0, 3, 'Клиент платформа', 'Many2One'),
('5934a317-94f1-4ad6-b93a-bec839a9140c', 'project#a56d0ad8-4645-42d8-9fbb-77e22526bd17', 0, 4, 'Проект', 'Many2One'),
('13f969c2-d7b2-46a5-a436-0c263f31af8b', '36bc2274-0c0d-47af-8aeb-7a799c0a8d0b', 0, 1, 'Номер телефона', ''),
('13f969c2-d7b2-46a5-a436-0c263f31af8b', 'ad070af0-aca3-41ff-9f6a-a5e8b52f8f5a', 0, 2, 'Фамиля', ''),
('13f969c2-d7b2-46a5-a436-0c263f31af8b', '17e7dc4e-cf14-4663-829a-d43d528c06e0', 0, 3, 'Место работа', ''),
('13f969c2-d7b2-46a5-a436-0c263f31af8b', 'ba3ff08e-3cd3-4a14-9319-289ec730d285', 0, 4, 'Пасспорт номер', ''),
('13f969c2-d7b2-46a5-a436-0c263f31af8b', 'afe9d898-e620-4832-aec3-34d13496b70a', 0, 5, 'Пасспорт серия', ''),
('13f969c2-d7b2-46a5-a436-0c263f31af8b', '49d8e248-902b-43cf-904a-e465a0d4c420', 0, 6, 'Зарплата', ''),
('13f969c2-d7b2-46a5-a436-0c263f31af8b', 'client_type#8f123dec-dfe4-4b89-956c-f607c84a84bd', 0, 7, 'Тип клиентов', 'Many2One'),
('13f969c2-d7b2-46a5-a436-0c263f31af8b', 'client_platform#e03071ed-a3e1-417d-a654-c0998a7c74bc', 0, 8, 'Клиент платформа', 'Many2One'),
('13f969c2-d7b2-46a5-a436-0c263f31af8b', 'project#6d2f94cb-0de4-455e-8dfc-97800eac7579', 0, 9, 'Проект', 'Many2One'),
('13f969c2-d7b2-46a5-a436-0c263f31af8b', 'role#63b54109-5476-43c1-bf26-24e2266a33f0', 0, 10, 'Роли', 'Many2One'),
('13f969c2-d7b2-46a5-a436-0c263f31af8b', 'd99e474a-d13e-42d4-b848-b86bc1808cf8', 0, 11, 'Проверен', ''),
('13f969c2-d7b2-46a5-a436-0c263f31af8b', '539363ad-4d5a-4570-944c-fb1e0d00f4bf', 0, 12, 'Email', ''),
('13f969c2-d7b2-46a5-a436-0c263f31af8b', '22144ff4-7c1c-4102-9697-80f3ccaf3941', 0, 13, 'Имя', ''),
('13f969c2-d7b2-46a5-a436-0c263f31af8b', 'd1a2df97-d21f-47d3-b5d2-90cba03926da', 0, 14, 'Фото', ''),
('13f969c2-d7b2-46a5-a436-0c263f31af8b', '978e1507-3965-4f21-a522-041072e261cd', 0, 15, 'Логин', ''),
('13f969c2-d7b2-46a5-a436-0c263f31af8b', '87ddadf0-689b-4285-9fc7-5cb76bdd4a7c', 0, 16, 'Срок годности', ''),
('13f969c2-d7b2-46a5-a436-0c263f31af8b', '3228884d-e937-4428-b940-52e5fae10c63', 0, 17, 'Пароль', ''),
('13f969c2-d7b2-46a5-a436-0c263f31af8b', '645d85b8-67e0-4594-96c7-540b63d6b018', 0, 18, 'Актив', ''),
('1d9bc74b-7f9c-47da-b257-071010b6f28f', 'role#82e93baf-2e02-432a-942b-2c93cbe26b89', 0, 1, 'Роли', 'Many2One'),
('1d9bc74b-7f9c-47da-b257-071010b6f28f', '9bdbb8eb-334b-4515-87dc-20abd0da129a', 0, 2, 'Название таблица', ''),
('1d9bc74b-7f9c-47da-b257-071010b6f28f', '27355d70-1c11-4fb9-9192-a1fffd93d9db', 0, 3, 'Чтение', ''),
('1d9bc74b-7f9c-47da-b257-071010b6f28f', 'f932bf71-9049-462b-9342-8347bca7598d', 0, 4, 'Изменение', ''),
('1d9bc74b-7f9c-47da-b257-071010b6f28f', '1e71486b-1438-4170-8883-50b505b8bb14', 0, 5, 'Написать', ''),
('1d9bc74b-7f9c-47da-b257-071010b6f28f', 'd95c1242-63ab-45c1-bd23-86f23ee72971', 0, 6, 'Удаление', ''),
('1d9bc74b-7f9c-47da-b257-071010b6f28f', '5f099f9f-8217-4790-a8ee-954ec165b8d8', 0, 7, 'Есть условия', ''),
('85ba2dfb-2e53-47d1-897b-b38fb5fb96a2', '37137f5f-ef9b-4710-a6df-fb920750fdfb', 0, 0, 'Название', ''),
('85ba2dfb-2e53-47d1-897b-b38fb5fb96a2', 'dfbf6a89-9c78-4922-9a00-0e1555c23ece', 0, 0, 'Домен проекта', ''),
('92e97876-37e5-4c26-9ffd-757ef6f27b3d', '8368fc76-0e80-409c-b64e-2275304411d8', 0, 1, 'Название таблица', ''),
('92e97876-37e5-4c26-9ffd-757ef6f27b3d', '957ffe32-714a-41d2-9bd8-e6b6b30fef67', 0, 2, 'Полья объекты', ''),
('92e97876-37e5-4c26-9ffd-757ef6f27b3d', '6d5d18cd-255d-49fd-a08e-5a6b0f1b093f', 0, 3, 'Пользавательские полья', ''),
('92e97876-37e5-4c26-9ffd-757ef6f27b3d', 'role#697fbd16-97d8-4233-ab21-4ce12dd6c5c6', 0, 4, 'Роли', 'Many2One'),
('0c4e79e7-45d8-4048-b81d-8b18f7bf783e', 'c818bc89-c2e9-4181-9db4-06fdf837d6e2', 0, 1, 'Название платформы', ''),
('0c4e79e7-45d8-4048-b81d-8b18f7bf783e', '948500db-538e-412b-ba36-09f5e9f0eccc', 0, 2, 'Субдомен платформы', ''),
('0c4e79e7-45d8-4048-b81d-8b18f7bf783e', 'project#c1492b03-8e76-4a09-9961-f61d413dbe68', 0, 3, 'Проект', 'Many2One'),
('1481e534-b6a2-44d8-8e78-e2e75083fb88', '34abee63-37ad-48c1-95d2-f4a032c373a1', 0, 1, 'Название таблица', ''),
('1481e534-b6a2-44d8-8e78-e2e75083fb88', '1e39a65d-9709-4c5a-99e4-dde67191d95a', 0, 2, 'Ид действия', ''),
('1481e534-b6a2-44d8-8e78-e2e75083fb88', 'role#d522a2ac-7fb4-413d-b5bb-8d1d34b65b98', 0, 3, 'Роли', 'Many2One'),
('1481e534-b6a2-44d8-8e78-e2e75083fb88', 'b84f052c-c407-48c5-a4bf-6bd54869fbd7', 0, 4, 'Разрешение', ''),
('1ef2a483-2135-448d-b3b6-c4a496425573', 'f5486957-e804-4050-a3c5-cfdcdaca0a16', 0, 1, 'Table Slug', ''),
('1ef2a483-2135-448d-b3b6-c4a496425573', '5591515f-8212-4bd5-b13b-fffd9751e9ce', 0, 2, 'Login label', ''),
('1ef2a483-2135-448d-b3b6-c4a496425573', 'fbc9b3e9-0507-48f5-9772-d42febfb4d30', 0, 3, 'Login view', ''),
('1ef2a483-2135-448d-b3b6-c4a496425573', '35ddf13d-d724-42ab-a1bb-f3961c7db9d6', 0, 4, 'Password view', ''),
('1ef2a483-2135-448d-b3b6-c4a496425573', '276c0e0c-2b79-472a-bcdf-ac0eed115ebe', 0, 5, 'Password label', ''),
('1ef2a483-2135-448d-b3b6-c4a496425573', 'd02ddb83-ad98-47f5-bc0a-6ee7586d9a8e', 0, 6, 'Login strategy', ''),
('1ef2a483-2135-448d-b3b6-c4a496425573', '7ab42774-6ca9-4e10-a71b-77871009e0a2', 0, 7, 'Ид обьеткта', ''),
('1ef2a483-2135-448d-b3b6-c4a496425573', 'client_type#79bdd075-eef0-48d1-b763-db8dfd819043', 0, 8, 'Тип клиентов', 'Many2One'),
('5d356993-be07-48af-b719-e4eecc5e6b5f', '00787831-04b4-4a08-b74d-14f80a219b86', 0, 1, 'Разрешение на просмотр', ''),
('5d356993-be07-48af-b719-e4eecc5e6b5f', '9ae553a2-edca-41f7-ba8a-557dc24cb74a', 0, 2, 'Изменить разрешение', ''),
('5d356993-be07-48af-b719-e4eecc5e6b5f', '27634c7a-1de8-4d54-9f57-5ff7c77d0af9', 0, 3, 'Название таблица', ''),
('5d356993-be07-48af-b719-e4eecc5e6b5f', '7587ed1d-a8b9-4aa8-b845-56dbb9333e25', 0, 4, 'Ид поля', ''),
('5d356993-be07-48af-b719-e4eecc5e6b5f', '285ceb40-6267-4f5e-9327-f75fe79e8bfe', 0, 5, 'Название поля', ''),
('5d356993-be07-48af-b719-e4eecc5e6b5f', 'role#8283449e-7978-4e75-83d6-1b6f3a194683', 0, 6, 'Роли', 'Many2One'),
('c9453c53-ca78-4d55-91f7-4f3dfe271e36', '04d0889a-b9ba-4f5c-8473-c8447aab350d', 0, 1, 'Название типа', ''),
('c9453c53-ca78-4d55-91f7-4f3dfe271e36', 'd99ac785-1d1a-49d8-af23-4d92774d15b6', 0, 2, 'Подтверждено', ''),
('c9453c53-ca78-4d55-91f7-4f3dfe271e36', 'd37e08d6-f7d0-441e-b7af-6034e5c2a77f', 0, 3, 'Самовосстановление', ''),
('c9453c53-ca78-4d55-91f7-4f3dfe271e36', '763a0625-59d7-4fd1-ad4b-7ef303c3aadf', 0, 4, 'Саморегистрация', ''),
('c9453c53-ca78-4d55-91f7-4f3dfe271e36', 'client_platform#426a0cd6-958d-4317-bf23-3b4ea4720e53', 0, 5, 'Клиент платформа', 'Many2Many'),
('c9453c53-ca78-4d55-91f7-4f3dfe271e36', 'project#094c33df-5556-45f3-a74c-7f589412bcc8', 0, 6, 'Проект', 'Many2One'),
('71441c9d-0d95-4124-98e2-341260df93d6', '5dda58a1-84ac-4c50-8993-02e2cefcb29a', 0, 1, 'Размер', ''),
('71441c9d-0d95-4124-98e2-341260df93d6', '98279b02-10c0-409e-8303-14224fd76ec6', 0, 2, 'HTML', ''),
('71441c9d-0d95-4124-98e2-341260df93d6', '9772b679-33ec-4004-b527-317a1165575e', 0, 3, 'Название', ''),
('71441c9d-0d95-4124-98e2-341260df93d6', '834df8ef-edb7-4170-996c-9bd5431d9a62', 0, 4, 'Таблица', ''),
('71441c9d-0d95-4124-98e2-341260df93d6', 'doctors#cfb1a7df-3d05-44ce-9de1-12c1c4f99b34', 0, 5, 'Специалисты', 'Many2One'),
('180c2a0c-29fa-43aa-851f-36ac3f3fe382', '61870278-3195-4874-9c0c-28104bbfb19a', 0, 1, 'Тип файла', ''),
('180c2a0c-29fa-43aa-851f-36ac3f3fe382', '5c0efd79-60f4-455b-b1df-e51e3b56b140', 0, 2, 'Линк фвйла', ''),
('180c2a0c-29fa-43aa-851f-36ac3f3fe382', 'afb99f72-106d-4939-b831-9e4b025afb9f', 0, 3, 'Название', ''),
('180c2a0c-29fa-43aa-851f-36ac3f3fe382', 'b7e00be4-70f2-4a57-bf77-91d3834d0520', 0, 4, 'Размер', ''),
('180c2a0c-29fa-43aa-851f-36ac3f3fe382', 'a99106a9-32dc-446b-9850-8713d687804a', 0, 5, 'Время создание', ''),
('180c2a0c-29fa-43aa-851f-36ac3f3fe382', 'b1bb10c9-d399-4baa-98d1-0a04171ff5d1', 0, 6, 'Теги', '');

-- CURRENCY SETTINGS
INSERT INTO "currency_setting" ("id", "symbol", "name", "symbol_native", "decimal_digits", "rounding", "code", "name_plural") VALUES 
('88c816a3-24e8-4994-ab70-9bc826bb9dc3', '$', 'US Dollar', '$', 2, 0, 'USD', 'US dollars'),
('bbd9dbfa-d832-41fd-9567-2ac30e173991', 'CA$', 'Canadian Dollar', '$', 2, 0, 'CAD', 'Canadian dollars'),
('61b72b4f-b8a3-44c5-a102-27e1d885a9b8', '€', 'Euro', '€', 2, 0, 'EUR', 'euros'),
('7da96a66-cf7f-436e-a7b7-6667cd5225d8', 'AED', 'United Arab Emirates Dirham', 'د.إ.‏', 2, 0, 'AED', 'UAE dirhams'),
('6723ca18-b3e5-4e84-b237-c7616a12438d', 'Af', 'Afghan Afghani', '؋', 0, 0, 'AFN', 'Afghan Afghanis'),
('bbbb0e44-a20c-4642-b2a9-88f2094ef83c', 'ALL', 'Albanian Lek', 'Lek', 0, 0, 'ALL', 'Albanian lekë'),
('3b36956d-e91b-4154-99e8-c12b387934cb', 'AMD', 'Armenian Dram', 'դր.', 0, 0, 'AMD', 'Armenian drams'),
('f8d3b54b-b517-45e2-affe-b6db88e44014', 'AR$', 'Argentine Peso', '$', 2, 0, 'ARS', 'Argentine pesos'),
('619eef58-114b-4a7a-b61b-3b8964df7078', 'AU$', 'Australian Dollar', '$', 2, 0, 'AUD', 'Australian dollars'),
('3a3f05c6-73fe-4c22-8833-a20f582afe74', 'man.', 'Azerbaijani Manat', 'ман.', 2, 0, 'AZN', 'Azerbaijani manats'),
('b1531617-42ff-4a2c-a187-b0f86bd9cb7e', 'KM', 'Bosnia-Herzegovina Convertible Mark', 'KM', 2, 0, 'BAM', 'Bosnia-Herzegovina convertible marks'),
('06b9d4cf-eeef-41d7-b02a-8a8742a41fe4', 'Tk', 'Bangladeshi Taka', '৳', 2, 0, 'BDT', 'Bangladeshi takas'),
('43c1ebff-c612-4934-8a29-f88c4e45b47e', 'BGN', 'Bulgarian Lev', 'лв.', 2, 0, 'BGN', 'Bulgarian leva'),
('c1e3cad3-ae22-4c14-96f9-0056dbc3ddb6', 'BD', 'Bahraini Dinar', 'د.ب.‏', 3, 0, 'BHD', 'Bahraini dinars'),
('c89fae98-4bfb-4c07-8a64-09aedfc96aa4', 'FBu', 'Burundian Franc', 'FBu', 0, 0, 'BIF', 'Burundian francs'),
('3cd69d14-77ea-4637-b6b2-6230e5915d31', 'BN$', 'Brunei Dollar', '$', 2, 0, 'BND', 'Brunei dollars'),
('9b627cd8-e293-45c1-82cc-386a5ec292b0', 'Bs', 'Bolivian Boliviano', 'Bs', 2, 0, 'BOB', 'Bolivian bolivianos'),
('744fd5ae-cf14-4e5b-a57b-7d3b2f6be695', 'R$', 'Brazilian Real', 'R$', 2, 0, 'BRL', 'Brazilian reals'),
('d601fe36-c362-4c1e-b56a-02168e51341b', 'BWP', 'Botswanan Pula', 'P', 2, 0, 'BWP', 'Botswanan pulas'),
('e5c5452a-a8ea-4949-a40a-4fda052cf886', 'Br', 'Belarusian Ruble', 'руб.', 2, 0, 'BYN', 'Belarusian rubles'),
('59f746c8-3c55-4ca3-9e0a-3fe2bde456b8', 'BZ$', 'Belize Dollar', '$', 2, 0, 'BZD', 'Belize dollars'),
('a22b54a3-1166-4d5a-8dda-abff1678af5d', 'CDF', 'Congolese Franc', 'FrCD', 2, 0, 'CDF', 'Congolese francs'),
('f1fd490e-2766-4528-a1cf-b4deebde6499', 'CHF', 'Swiss Franc', 'CHF', 2, 0.05, 'CHF', 'Swiss francs'),
('140bdd3b-c148-45fe-8686-d96070e17db9', 'CL$', 'Chilean Peso', '$', 0, 0, 'CLP', 'Chilean pesos'),
('76133689-a149-40e2-ad40-48b5b8fd44ef', 'CN¥', 'Chinese Yuan', 'CN¥', 2, 0, 'CNY', 'Chinese yuan'),
('fff34be1-f6eb-4932-94ee-35b176af98ce', 'CO$', 'Colombian Peso', '$', 0, 0, 'COP', 'Colombian pesos'),
('0e12b70e-ef10-4bdb-8f92-93c63e697738', '₡', 'Costa Rican Colón', '₡', 0, 0, 'CRC', 'Costa Rican colóns'),
('bfcd65e1-c6a0-4cb8-9ce9-a2698b52bb9d', 'CV$', 'Cape Verdean Escudo', 'CV$', 2, 0, 'CVE', 'Cape Verdean escudos'),
('dc9306e2-2238-4324-96e1-c9d5f5f5effc', 'Kč', 'Czech Republic Koruna', 'Kč', 2, 0, 'CZK', 'Czech Republic korunas'),
('bb650ff2-d016-4115-b7b9-c62dc7d7ec0f', 'Fdj', 'Djiboutian Franc', 'Fdj', 0, 0, 'DJF', 'Djiboutian francs'),
('b6d3fc33-c4ff-4792-888f-748ae74e35bf', 'Dkr', 'Danish Krone', 'kr', 2, 0, 'DKK', 'Danish kroner'),
('fe60ebf8-134f-4581-8543-e6112adb367e', 'RD$', 'Dominican Peso', 'RD$', 2, 0, 'DOP', 'Dominican pesos'),
('e8fb26bd-34b6-424d-adbe-f744a14b8842', 'DA', 'Algerian Dinar', 'د.ج.‏', 2, 0, 'DZD', 'Algerian dinars'),
('ebc3327c-9db0-4563-9ba5-cec15d150617', 'Ekr', 'Estonian Kroon', 'kr', 2, 0, 'EEK', 'Estonian kroons'),
('513ff6e6-b34b-4a79-834b-00b269949019', 'EGP', 'Egyptian Pound', 'ج.م.‏', 2, 0, 'EGP', 'Egyptian pounds'),
('88b901fa-0acc-4940-ad5a-cbbd0206d068', 'Nfk', 'Eritrean Nakfa', 'Nfk', 2, 0, 'ERN', 'Eritrean nakfas'),
('c8acc9f8-e359-45da-8578-a3c41d26238b', 'Br', 'Ethiopian Birr', 'Br', 2, 0, 'ETB', 'Ethiopian birrs'),
('2d479a1d-4788-4726-b0b0-639d206fb304', '£', 'British Pound Sterling', '£', 2, 0, 'GBP', 'British pounds sterling'),
('76cbaa31-b5d7-447d-8dee-62362f8d54ec', 'GEL', 'Georgian Lari', 'GEL', 2, 0, 'GEL', 'Georgian laris'),
('3ce6a0a7-7558-4fec-bced-5f586a79fdf6', 'GH₵', 'Ghanaian Cedi', 'GH₵', 2, 0, 'GHS', 'Ghanaian cedis'),
('de16184a-e743-46d2-9ed5-a8032ce99a92', 'FG', 'Guinean Franc', 'FG', 0, 0, 'GNF', 'Guinean francs'),
('dd2b77a5-ddb3-4577-ac94-d9cd4b1add21', 'GTQ', 'Guatemalan Quetzal', 'Q', 2, 0, 'GTQ', 'Guatemalan quetzals'),
('8feb2f7b-7540-418e-b4e6-4fd41527d2b0', 'HK$', 'Hong Kong Dollar', '$', 2, 0, 'HKD', 'Hong Kong dollars'),
('40d8f422-2c66-4314-9263-36b4c73bbd85', 'HNL', 'Honduran Lempira', 'L', 2, 0, 'HNL', 'Honduran lempiras'),
('bfb9a799-2fee-4d6b-98aa-e66e09e1bd4d', 'kn', 'Croatian Kuna', 'kn', 2, 0, 'HRK', 'Croatian kunas'),
('e0038fd7-6274-431d-85cf-dc6915a08113', 'Ft', 'Hungarian Forint', 'Ft', 0, 0, 'HUF', 'Hungarian forints'),
('da3d85d3-9e1b-49b0-a5e8-fb7aea51173e', 'Rp', 'Indonesian Rupiah', 'Rp', 0, 0, 'IDR', 'Indonesian rupiahs'),
('b8f82abc-1a1a-4565-97db-80dfcff219e0', '₪', 'Israeli New Sheqel', '₪', 2, 0, 'ILS', 'Israeli new sheqels'),
('e1d57a10-d7b8-4c35-8635-0b783259e0a0', 'Rs', 'Indian Rupee', 'টকা', 2, 0, 'INR', 'Indian rupees'),
('3f64585c-0896-45fe-99dd-7365fb697793', 'IQD', 'Iraqi Dinar', 'د.ع.‏', 0, 0, 'IQD', 'Iraqi dinars'),
('17e89e40-5dc7-497c-bc3b-5e5c11b4402b', 'IRR', 'Iranian Rial', '﷼', 0, 0, 'IRR', 'Iranian rials'),
('6c5f50f1-4df9-4998-befb-196a7812e593', 'Ikr', 'Icelandic Króna', 'kr', 0, 0, 'ISK', 'Icelandic krónur'),
('bbb2c459-d7de-4792-956d-5b379db36e91', 'J$', 'Jamaican Dollar', '$', 2, 0, 'JMD', 'Jamaican dollars'),
('63ac2cb6-2f7e-4dc1-a55f-1be93e039609', 'JD', 'Jordanian Dinar', 'د.أ.‏', 3, 0, 'JOD', 'Jordanian dinars'),
('43445998-eb7d-45d4-88e6-38d459c90b0c', '¥', 'Japanese Yen', '￥', 0, 0, 'JPY', 'Japanese yen'),
('7d76041a-419a-4c23-8c6e-4fde9dc4c9fc', 'Ksh', 'Kenyan Shilling', 'Ksh', 2, 0, 'KES', 'Kenyan shillings'),
('33803ff1-003d-4338-80ce-c41cca1a7189', 'KHR', 'Cambodian Riel', '៛', 2, 0, 'KHR', 'Cambodian riels'),
('7be9e9a7-c780-4671-8beb-55f5a3639087', 'CF', 'Comorian Franc', 'FC', 0, 0, 'KMF', 'Comorian francs'),
('c0c590ed-5ecb-4050-bca3-b6edf166249a', '₩', 'South Korean Won', '₩', 0, 0, 'KRW', 'South Korean won'),
('51f9654c-f5b1-4e3d-8578-404a70954ddb', 'KD', 'Kuwaiti Dinar', 'د.ك.‏', 3, 0, 'KWD', 'Kuwaiti dinars'),
('7f307997-86ad-4fb1-b38c-7667e856a85f', 'KZT', 'Kazakhstani Tenge', 'тңг.', 2, 0, 'KZT', 'Kazakhstani tenges'),
('53200961-9b69-4f36-b1b8-d369a036ae3c', 'L.L.', 'Lebanese Pound', 'ل.ل.‏', 0, 0, 'LBP', 'Lebanese pounds'),
('1f48c91e-de86-42c3-aa02-c243a52a1170', 'SLRs', 'Sri Lankan Rupee', 'SL Re', 2, 0, 'LKR', 'Sri Lankan rupees'),
('c7c037f3-9e47-4dbc-8c56-dd64dee585f2', 'Lt', 'Lithuanian Litas', 'Lt', 2, 0, 'LTL', 'Lithuanian litai'),
('76446d4e-9534-4862-b8e8-7fa446450246', 'Ls', 'Latvian Lats', 'Ls', 2, 0, 'LVL', 'Latvian lati'),
('5be4b237-e1a2-4d37-9433-31195f5172c5', 'LD', 'Libyan Dinar', 'د.ل.‏', 3, 0, 'LYD', 'Libyan dinars'),
('b6abe2ba-a77c-4387-b756-3825ffbfddde', 'MAD', 'Moroccan Dirham', 'د.م.‏', 2, 0, 'MAD', 'Moroccan dirhams'),
('c1d20a89-25ff-4c4c-ac33-505200053bb7', 'MDL', 'Moldovan Leu', 'MDL', 2, 0, 'MDL', 'Moldovan lei'),
('4bb7e565-863a-44bc-b312-7df75cff1035', 'MGA', 'Malagasy Ariary', 'MGA', 0, 0, 'MGA', 'Malagasy Ariaries'),
('9e2d3652-b170-435f-9300-fb860c9e915f', 'MKD', 'Macedonian Denar', 'MKD', 2, 0, 'MKD', 'Macedonian denari'),
('565dccf6-fdcf-4540-9bd6-1e866c1ae168', 'MMK', 'Myanma Kyat', 'K', 0, 0, 'MMK', 'Myanma kyats'),
('632b73e6-9527-4030-9f82-44ea0514cc63', 'MOP$', 'Macanese Pataca', 'MOP$', 2, 0, 'MOP', 'Macanese patacas'),
('0317db74-e346-44a1-a663-167c0c8773f6', 'MURs', 'Mauritian Rupee', 'MURs', 0, 0, 'MUR', 'Mauritian rupees'),
('5c617635-efdd-468e-a58c-f8141f317fc6', 'MX$', 'Mexican Peso', '$', 2, 0, 'MXN', 'Mexican pesos'),
('281a7343-9130-46f6-a4eb-71476c1b4d81', 'RM', 'Malaysian Ringgit', 'RM', 2, 0, 'MYR', 'Malaysian ringgits'),
('13d56b0e-cfb9-46ea-a72a-235f6c442ed9', 'MTn', 'Mozambican Metical', 'MTn', 2, 0, 'MZN', 'Mozambican meticals'),
('09a6c095-0f22-41f1-8bb0-581f43081e1d', 'N$', 'Namibian Dollar', 'N$', 2, 0, 'NAD', 'Namibian dollars'),
('904d5251-04b6-40a0-a49c-00f5c9500d83', '₦', 'Nigerian Naira', '₦', 2, 0, 'NGN', 'Nigerian nairas'),
('b64aec51-4350-49a6-ac90-ac3f800fe542', 'C$', 'Nicaraguan Córdoba', 'C$', 2, 0, 'NIO', 'Nicaraguan córdobas'),
('9e090ae4-8d6d-4b3e-815f-bcbcca0c016d', 'Nkr', 'Norwegian Krone', 'kr', 2, 0, 'NOK', 'Norwegian kroner'),
('adf4c5df-07ea-4344-a196-d3db629de8b3', 'NPRs', 'Nepalese Rupee', 'नेरू', 2, 0, 'NPR', 'Nepalese rupees'),
('917abf68-c1ff-4c91-87c7-f61aba275148', 'NZ$', 'New Zealand Dollar', '$', 2, 0, 'NZD', 'New Zealand dollars'),
('18a05cad-eece-48d3-8d50-8e9d2361aab1', 'OMR', 'Omani Rial', 'ر.ع.‏', 3, 0, 'OMR', 'Omani rials'),
('13b2d640-6824-4922-9de7-f6f4c5dcac41', 'B/.', 'Panamanian Balboa', 'B/.', 2, 0, 'PAB', 'Panamanian balboas'),
('0fc08628-ea8e-4db5-be3d-19533565938a', 'S/.', 'Peruvian Nuevo Sol', 'S/.', 2, 0, 'PEN', 'Peruvian nuevos soles'),
('dd89cbe3-1b31-4935-a11c-6653264d1771', '₱', 'Philippine Peso', '₱', 2, 0, 'PHP', 'Philippine pesos'),
('7855fc8e-6fd6-4418-aea4-654d58424282', 'PKRs', 'Pakistani Rupee', '₨', 0, 0, 'PKR', 'Pakistani rupees'),
('a22f4a75-aa57-4bb5-98b4-6c7bed509acd', 'zł', 'Polish Zloty', 'zł', 2, 0, 'PLN', 'Polish zlotys'),
('03645196-f12f-4f3f-ae68-24f951390040', '₲', 'Paraguayan Guarani', '₲', 0, 0, 'PYG', 'Paraguayan guaranis'),
('5494d84b-d705-4d06-9220-e9b64a19c1ea', 'QR', 'Qatari Rial', 'ر.ق.‏', 2, 0, 'QAR', 'Qatari rials'),
('5566079b-243f-4d85-90ff-2551c2a083db', 'RON', 'Romanian Leu', 'RON', 2, 0, 'RON', 'Romanian lei'),
('19e8f2dd-d562-4317-8d69-da77fab3178d', 'din.', 'Serbian Dinar', 'дин.', 0, 0, 'RSD', 'Serbian dinars'),
('536bc7cc-d299-4efb-9796-1045051d64c8', 'RUB', 'Russian Ruble', '₽.', 2, 0, 'RUB', 'Russian rubles'),
('665202e1-37ee-4801-bb45-2447f4918a06', 'RWF', 'Rwandan Franc', 'FR', 0, 0, 'RWF', 'Rwandan francs'),
('02ab61aa-4ef0-4899-9017-ed65e0d55e7d', 'SR', 'Saudi Riyal', 'ر.س.‏', 2, 0, 'SAR', 'Saudi riyals'),
('42faae00-f199-44c3-ba22-b9ff1cf3eef9', 'SDG', 'Sudanese Pound', 'SDG', 2, 0, 'SDG', 'Sudanese pounds'),
('d892b67f-6ce1-45cc-8056-72a63c2bab60', 'Skr', 'Swedish Krona', 'kr', 2, 0, 'SEK', 'Swedish kronor'),
('f0c98f13-d218-45e3-b495-39b2fd53f700', 'S$', 'Singapore Dollar', '$', 2, 0, 'SGD', 'Singapore dollars'),
('2d91dd19-895c-453f-a1ac-7c30c4234b50', 'Ssh', 'Somali Shilling', 'Ssh', 0, 0, 'SOS', 'Somali shillings'),
('768e3f6d-a31d-4176-8e46-ca4fc0901e84', 'SY£', 'Syrian Pound', 'ل.س.‏', 0, 0, 'SYP', 'Syrian pounds'),
('92eed319-cf12-47db-be7f-d1f12d6d093c', '฿', 'Thai Baht', '฿', 2, 0, 'THB', 'Thai baht'),
('230faddd-5e0f-4ddc-908f-b24bcae3767c', 'DT', 'Tunisian Dinar', 'د.ت.‏', 3, 0, 'TND', 'Tunisian dinars'),
('63a2c3ea-0581-4fe6-95e5-1e0c7515daa1', 'T$', 'Tongan Paʻanga', 'T$', 2, 0, 'TOP', 'Tongan paʻanga'),
('eefc69c5-30e4-4170-8741-367120e9503b', 'TL', 'Turkish Lira', 'TL', 2, 0, 'TRY', 'Turkish Lira'),
('8916561f-bf6e-428e-a2a0-8f2a49c1383c', 'TT$', 'Trinidad and Tobago Dollar', '$', 2, 0, 'TTD', 'Trinidad and Tobago dollars'),
('d9db4c61-d5c8-4ae9-b133-8d9425c35bff', 'NT$', 'New Taiwan Dollar', 'NT$', 2, 0, 'TWD', 'New Taiwan dollars'),
('289f356c-d14c-4f6d-90b9-0f950fd3df63', 'TSh', 'Tanzanian Shilling', 'TSh', 0, 0, 'TZS', 'Tanzanian shillings'),
('239e13f1-3d93-4052-89e7-75570df756e8', '₴', 'Ukrainian Hryvnia', '₴', 2, 0, 'UAH', 'Ukrainian hryvnias'),
('a934f95a-2284-4e56-83bf-8395651b04a3', 'USh', 'Ugandan Shilling', 'USh', 0, 0, 'UGX', 'Ugandan shillings'),
('b0702f7e-b308-46c6-b8d5-d78253d910d2', '$U', 'Uruguayan Peso', '$', 2, 0, 'UYU', 'Uruguayan pesos'),
('0803582e-29d6-42fe-86ac-b4287b8fa929', 'UZS', 'Uzbekistan Som', 'UZS', 0, 0, 'UZS', 'Uzbekistan som'),
('2e8ed2b1-8313-4fe5-b69a-a03e3cd50b66', 'Bs.F.', 'Venezuelan Bolívar', 'Bs.F.', 2, 0, 'VEF', 'Venezuelan bolívars'),
('29b17d8e-c582-4d1d-935c-f3bd6cc4e4b2', '₫', 'Vietnamese Dong', '₫', 0, 0, 'VND', 'Vietnamese dong'),
('0f58d24e-622c-4168-b907-dff115d91214', 'FCFA', 'CFA Franc BEAC', 'FCFA', 0, 0, 'XAF', 'CFA francs BEAC'),
('fb81243c-7f2b-492c-b518-6c65bb659017', 'CFA', 'CFA Franc BCEAO', 'CFA', 0, 0, 'XOF', 'CFA francs BCEAO'),
('5a922ca8-9e15-4456-a65e-896b08746496', 'YR', 'Yemeni Rial', 'ر.ي.‏', 0, 0, 'YER', 'Yemeni rials'),
('eac9ca42-c47e-48a1-90dd-96cccf8b8c16', 'R', 'South African Rand', 'R', 2, 0, 'ZAR', 'South African rand'),
('c85d1f87-d88f-4bb0-8616-783992c821f3', 'ZK', 'Zambian Kwacha', 'ZK', 0, 0, 'ZMK', 'Zambian kwachas'),
('d909643a-24d9-4f0e-a51a-95b2fefa45b6', 'ZWL$', 'Zimbabwean Dollar', 'ZWL$', 0, 0, 'ZWL', 'Zimbabwean Dollar');

-- LANGUAGE SETTINGS
INSERT INTO "language_setting" ("guid", "name", "short_name", "native_name") VALUES
('2ba854c6-ad01-4507-80d4-38ae35ad6d3a', 'Abkhaz', 'ab', 'аҧсуа'),
('60b7883c-966e-409b-b313-dc6f2dbc5e7c', 'Afar', 'aa', 'Afaraf'),
('9675893e-6c25-4623-8a33-7bd89104f973', 'Afrikaans', 'af', 'Afrikaans'),
('ba85044c-84b0-403c-bde5-2fd7e5f3347a', 'Akan', 'ak', 'Akan'),
('32f912bc-823a-43ad-8a3a-d3268a0f97ec', 'Albanian', 'sq', 'Shqip'),
('47ec09d1-4b1f-4aa2-9d39-4764f9e6068f', 'Arabic', 'ar', 'العربية'),
('de58869a-68e8-4c39-a318-b33cead9230d', 'Aragonese', 'an', 'Aragonés'),
('990e52fc-66cb-4695-b6c4-463e69d4fa93', 'Armenian', 'hy', 'Հայերեն'),
('6a590d95-bfa3-463f-a808-b8f65fccd7d1', 'Amharic', 'am', 'አማርኛ'),
('79f7860d-80be-4971-9d44-d0dc7aab9582', 'Assamese', 'as', 'অসমীয়া'),
('70814bef-3c55-4e2d-92d5-d573450ed0e9', 'Avaric', 'av', 'авар мацӀ, магӀарул мацӀ'),
('51942206-e532-4513-b645-a1fbeb769295', 'Avestan', 'ae', 'avesta'),
('618bfce9-c8c4-46e9-94b7-16532e37263f', 'Aymara', 'ay', 'aymar aru'),
('1716461d-42e2-40b4-992e-3af613c0715c', 'Azerbaijani', 'az', 'azərbaycan dili'),
('8b6032b0-9d19-484c-ad64-3e25706d8029', 'Bambara', 'bm', 'bamanankan'),
('74856026-90b7-4bf0-ad8f-d11573d58e95', 'Bashkir', 'ba', 'башҡорт теле'),
('e1cdee2a-6295-4a5e-a7df-0f55e0575fcd', 'Basque', 'eu', 'euskara, euskera'),
('21396cb2-80d9-4535-8852-08384128c510', 'Belarusian', 'be', 'Беларуская'),
('1e9d1a4d-224f-41bf-953e-88b92a8accb1', 'Bengali', 'bn', 'বাংলা'),
('6534bac9-ff4c-4fee-b94f-9529552b317f', 'Bihari', 'bh', 'भोजपुरी'),
('13b16683-d2a0-4d75-9594-a3bbb52fb7be', 'Bislama', 'bi', 'Bislama'),
('8622f72e-8144-43d6-a5df-53a882d1c650', 'Bosnian', 'bs', 'bosanski jezik'),
('d6e5ef87-030f-4009-b5fe-7392a10f2166', 'Breton', 'br', 'brezhoneg'),
('b0f614ca-1176-4d93-bdd6-f82e40971431', 'Bulgarian', 'bg', 'български език'),
('c56efffc-181e-4e9f-9494-601ad7e179f2', 'Burmese', 'my', 'ဗမာစာ'),
('a9be4d24-79cd-4c3a-84e8-117fd2cca4f3', 'Catalan; Valencian', 'ca', 'Català'),
('94bff7c3-85cb-4d81-b551-ef06dcc86bf1', 'Chamorro', 'ch', 'Chamoru'),
('53bbfe97-095e-42f3-9dea-0458078ef851', 'Chechen', 'ce', 'нохчийн мотт'),
('93a25b97-96b1-433d-b0b5-58c74f6b5895', 'Chichewa; Chewa; Nyanja', 'ny', 'chiCheŵa, chinyanja'),
('9f9d96ee-22f7-4c80-8c20-759a41dfb6d9', 'Chinese', 'zh', '中文 (Zhōngwén), 汉语, 漢語'),
('5cc55d15-b2c9-4cbc-a99a-2be6ccd08cb1', 'Chuvash', 'cv', 'чӑваш чӗлхи'),
('afddbb9d-7a1f-48f3-9447-2ea4bf186d8a', 'Cornish', 'kw', 'Kernewek'),
('0ef56f91-3c94-4ef2-944a-ba16c6b10057', 'Cree', 'cr', 'ᓀᐦᐃᔭᐍᐏᐣ'),
('1bc1e6b4-085b-4c05-bdd2-f3a80fc6e686', 'Croatian', 'hr', 'hrvatski'),
('17821001-798b-4283-bba6-e405d607a635', 'Czech', 'cs', 'česky, čeština'),
('433baa0d-2188-4552-a14b-848d0ad4d269', 'Danish', 'da', 'dansk'),
('07a18d17-0c16-4f02-acfa-f0063f42ae05', 'Divehi; Dhivehi; Maldivian;', 'dv', 'ދިވެހި'),
('34124044-b7e7-454b-9a4f-13693bbd8dc4', 'Dutch', 'nl', 'Nederlands, Vlaams'),
('88bab3bc-43fe-4d74-a47a-fbc5b892d418', 'English', 'en', 'English'),
('092ea660-863b-4dd8-b104-8094d7f21ea4', 'Esperanto', 'eo', 'Esperanto'),
('8826d7bc-fa8c-41ac-9218-28b3d5de0b98', 'Estonian', 'et', 'eesti, eesti keel'),
('92ce8af8-5c2c-4374-a382-f6a7d7dff796', 'Ewe', 'ee', 'Eʋegbe'),
('e0dd006b-a4ff-45bc-a7b1-215af8c63e31', 'Faroese', 'fo', 'føroyskt'),
('a598d587-e204-4f5f-9d75-d907d3d16098', 'Fijian', 'fj', 'vosa Vakaviti'),
('ac6efd5e-3683-45af-98cd-058e48d6cdf2', 'Finnish', 'fi', 'suomi, suomen kieli'),
('7d0a2de5-3708-4aee-bfb7-8ecadb62767c', 'French', 'fr', 'français, langue française'),
('54b706ec-3f74-4c32-bacf-c6627ca1b6e7', 'Fula; Fulah; Pulaar; Pular', 'ff', 'Fulfulde, Pulaar, Pular'),
('297b59de-1fa3-4d99-a6b1-8a33c4b243bc', 'Galician', 'gl', 'Galego'),
('8c1a0be0-ff7b-4564-925c-c71030c54a76', 'Georgian', 'ka', 'ქართული'),
('9d2dcf50-1e1f-414a-a863-aea4335a6ee2', 'German', 'de', 'Deutsch'),
('44e5de06-84ac-44dd-8b99-adfe049dc915', 'Greek, Modern', 'el', 'Ελληνικά'),
('767fa22b-560c-44c6-a711-3f95b2b4db15', 'Guaraní', 'gn', 'Avañeẽ'),
('559a74ff-2bd2-4bba-92d2-b746611d7345', 'Gujarati', 'gu', 'ગુજરાતી'),
('518231bd-c833-4b40-939c-933f280e16df', 'Haitian; Haitian Creole', 'ht', 'Kreyòl ayisyen'),
('924bce04-c7d1-46e9-b068-501dca6619fc', 'Hausa', 'ha', 'Hausa, هَوُسَ'),
('872f0540-c16a-4fec-a1ea-fd86c3213133', 'Hebrew', 'he', 'עברית'),
('132c5552-09fb-429c-8632-3fc6668ff2fb', 'Hebrew', 'iw', 'עברית'),
('7345a31d-63ef-4330-9c5b-c8e165ba0911', 'Herero', 'hz', 'Otjiherero'),
('10502f98-d733-4567-af77-54db62f58594', 'Hindi', 'hi', 'हिन्दी, हिंदी'),
('6c5010cd-13bc-4024-8f28-0c63cec3c452', 'Hiri Motu', 'ho', 'Hiri Motu'),
('ddc42a21-da3b-46d8-940a-455adc4d2468', 'Hungarian', 'hu', 'Magyar'),
('c51d43c8-af1a-4ae3-8e74-e5087a90fe14', 'Interlingua', 'ia', 'Interlingua'),
('e0195d4f-5155-4cc5-ac98-cbb7f7fffebe', 'Indonesian', 'guid', 'Bahasa Indonesia'),
('90dfb00f-d720-48a0-aaa1-bf143686b603', 'Interlingue', 'ie', 'Originally called Occguidental; then Interlingue after WWII'),
('bc3abcd7-3895-4e69-9404-80c298b2f82f', 'Irish', 'ga', 'Gaeilge'),
('863dc802-4e2a-4c69-8f3a-7edcc0c30cad', 'Igbo', 'ig', 'Asụsụ Igbo'),
('be24aeb6-5464-4e80-956e-5bc2ce5316d0', 'Inupiaq', 'ik', 'Iñupiaq, Iñupiatun'),
('b3d0d2c0-3668-45e1-84f0-cc806c663cea', 'guido', 'io', 'guido'),
('1c0b5253-3746-4601-a86e-760c8af5e968', 'Icelandic', 'is', 'Íslenska'),
('58e650aa-3ef2-4de1-9006-5c29b658e186', 'Italian', 'it', 'Italiano'),
('eb0f418f-e65b-4f4f-8848-0b8d6e030f78', 'Inuktitut', 'iu', 'ᐃᓄᒃᑎᑐᑦ'),
('efa3c68d-0153-4125-9187-78e3e2308f85', 'Japanese', 'ja', '日本語 (にほんご／にっぽんご)'),
('a2f15e07-41dd-4cc4-b4d4-4b0b9b9111f3', 'Javanese', 'jv', 'basa Jawa'),
('bd57f453-42ab-4293-9a41-3e28af3d6ef1', 'Kalaallisut, Greenlandic', 'kl', 'kalaallisut, kalaallit oqaasii'),
('52cae904-2905-4687-a3d4-4647f4f2ee98', 'Kannada', 'kn', 'ಕನ್ನಡ'),
('71384874-4366-45b7-b91c-5fe3d1ab534c', 'Kanuri', 'kr', 'Kanuri'),
('a969242a-096a-4129-b5a1-785f2e77b205', 'Kashmiri', 'ks', 'कश्मीरी, كشميري‎'),
('50e48783-5a8f-4115-a1db-302627494f36', 'Kazakh', 'kk', 'Қазақ тілі'),
('ad5f47f1-ea5e-4a49-9ea8-b077fca87d19', 'Khmer', 'km', 'ភាសាខ្មែរ'),
('1853489f-0f00-42d4-a22a-1c42a86b1edc', 'Kikuyu, Gikuyu', 'ki', 'Gĩkũyũ'),
('bb5fc47e-b7b8-4605-aded-e3e61740163e', 'Kinyarwanda', 'rw', 'Ikinyarwanda'),
('f3b65c27-ed88-48c2-9ec6-9ebbde079447', 'Kirghiz, Kyrgyz', 'ky', 'кыргыз тили'),
('68a04770-4705-4570-9038-fbdce6346b9c', 'Komi', 'kv', 'коми кыв'),
('7f13b75b-12e1-4d62-810f-57ce7fd0b2bb', 'Kongo', 'kg', 'KiKongo'),
('39d0afec-8a87-42ac-a7ba-25ed62a60d8e', 'Korean', 'ko', '한국어 (韓國語), 조선말 (朝鮮語)'),
('f8f01cdd-6cea-4376-9a4c-6a0d063c6d32', 'Kurdish', 'ku', 'Kurdî, كوردی‎'),
('fd533dee-3f86-4255-8b67-00add7d489e1', 'Kwanyama, Kuanyama', 'kj', 'Kuanyama'),
('59d954c2-a0db-4e4f-87d1-38544e980c59', 'Latin', 'la', 'latine, lingua latina'),
('55c03fce-1ae4-48a9-9118-9be83aa240a3', 'Luxembourgish, Letzeburgesch', 'lb', 'Lëtzebuergesch'),
('b846dbf9-c1b6-40f1-a711-5234999dd58e', 'Luganda', 'lg', 'Luganda'),
('0ca2be33-2de8-453e-90f1-efe51fecc310', 'Limburgish, Limburgan, Limburger', 'li', 'Limburgs'),
('434cdf83-9d8c-4611-be0a-83292673629f', 'Lingala', 'ln', 'Lingála'),
('04392195-1fe2-4da0-9887-84531db295dd', 'Lao', 'lo', 'ພາສາລາວ'),
('53271104-dd10-4039-92f8-a0c7f919d046', 'Lithuanian', 'lt', 'lietuvių kalba'),
('bc1c5bd2-602e-4d0f-ac9b-7bedc8160b9f', 'Luba-Katanga', 'lu', ''),
('02e36386-2dbd-4ea2-9fb7-436fcf0918f2', 'Latvian', 'lv', 'latviešu valoda'),
('cc875b71-75ab-4d6d-aa63-7c1cad268e2b', 'Manx', 'gv', 'Gaelg, Gailck'),
('5b520d5b-6f96-4623-bdbc-9610f1591ac6', 'Macedonian', 'mk', 'македонски јазик'),
('c8f70d69-08c3-47b4-896b-718d3a468c27', 'Malagasy', 'mg', 'Malagasy fiteny'),
('cdcd1470-b950-4da6-85fa-52d9c8e87df8', 'Malay', 'ms', 'bahasa Melayu, بهاس ملايو‎'),
('d76416ac-2345-4cbd-978c-2d19f098ecc4', 'Malayalam', 'ml', 'മലയാളം'),
('f54f3855-a595-413d-a016-07b75db2eb83', 'Maltese', 'mt', 'Malti'),
('e1b2fbd2-e5d2-4c15-8339-673d508ea395', 'Māori', 'mi', 'te reo Māori'),
('e48d6f70-c715-4fb9-9f4f-057cd98b9502', 'Marathi (Marāṭhī)', 'mr', 'मराठी'),
('9909e3eb-6fef-4c12-81a6-8e45e9bcb97b', 'Marshallese', 'mh', 'Kajin M̧ajeļ'),
('6753969e-8bfa-4c0c-ac38-6428521350dc', 'Mongolian', 'mn', 'монгол'),
('53bee23c-1c66-488e-afd6-c0c1b9def76e', 'Nauru', 'na', 'Ekakairũ Naoero'),
('4fe6f04b-ac5f-44ac-8213-a80f267d03a7', 'Navajo, Navaho', 'nv', 'Diné bizaad, Dinékʼehǰí'),
('c562dc40-a9e8-4e52-9fe8-fa0b30a1f1e7', 'Norwegian Bokmål', 'nb', 'Norsk bokmål'),
('bde6e552-39ce-458b-abaf-8c1a30e5b8f4', 'North Ndebele', 'nd', 'isiNdebele'),
('3c0c9e4b-be31-4e32-896c-695e36687b8e', 'Nepali', 'ne', 'नेपाली'),
('b4a802d6-9f5d-4c5a-a47f-b6b5b92cbb44', 'Ndonga', 'ng', 'Owambo'),
('1ab8e870-0185-4007-99e9-34f160298f64', 'Norwegian Nynorsk', 'nn', 'Norsk nynorsk'),
('42263f0c-d792-4ea5-a810-036ea876e908', 'Norwegian', 'no', 'Norsk'),
('f3910b41-d0af-4b9e-8e42-1519c446013f', 'Nuosu', 'ii', 'ꆈꌠ꒿ Nuosuhxop'),
('4ade1684-3206-46d6-ae10-0c61bbb40b94', 'South Ndebele', 'nr', 'isiNdebele'),
('b8b77fae-d9da-4c96-9324-877d589a3dc2', 'Occitan', 'oc', 'Occitan'),
('f3b6dc77-f24d-4626-aa51-f8bc05874098', 'Ojibwe, Ojibwa', 'oj', 'ᐊᓂᔑᓈᐯᒧᐎᓐ'),
('e8a2a22a-8052-478f-bfca-045d10b8ab01', 'Old Church Slavonic, Church Slavic, Church Slavonic, Old Bulgarian, Old Slavonic', 'cu', 'ѩзыкъ словѣньскъ'),
('61695c97-e737-48e2-9de1-880bd5d8ea6b', 'Oromo', 'om', 'Afaan Oromoo'),
('2b3cbc51-ec07-420c-af73-863d1d44d4a9', 'Oriya', 'or', 'ଓଡ଼ିଆ'),
('52e63285-1045-4563-a6c4-c0a46b3b476b', 'Ossetian, Ossetic', 'os', 'ирон æвзаг'),
('29f47277-e70e-4e09-a453-823c2d898db1', 'Panjabi, Punjabi', 'pa', 'ਪੰਜਾਬੀ, پنجابی‎'),
('d1963d89-5bf5-48be-a7a2-2483d900f37d', 'Pāli', 'pi', 'पाऴि'),
('6cf886d6-7409-4ffd-991c-f2a6f8e9cd1c', 'Persian', 'fa', 'فارسی'),
('5fb266c9-0771-4e10-ba76-9ef7f983f7e2', 'Polish', 'pl', 'polski'),
('30636636-76fe-476d-a9b9-1368bea43697', 'Pashto, Pushto', 'ps', 'پښتو'),
('dff5fed3-c0f3-4771-bcdb-019b3858c55d', 'Portuguese', 'pt', 'Português'),
('183a79bf-d9f8-42e9-bc95-4c8e5e88d4b6', 'Quechua', 'qu', 'Runa Simi, Kichwa'),
('8c570f25-a11c-4d33-ad13-2b3391bd769e', 'Romansh', 'rm', 'rumantsch grischun'),
('a78c067e-a8ce-4e55-a20e-d68fb15876ca', 'Kirundi', 'rn', 'kiRundi'),
('2f94e4f8-fa06-4bc0-93b9-4868147fd916', 'Romanian, Moldavian, Moldovan', 'ro', 'română'),
('200d727d-af34-468a-8a8c-75e67be6c80b', 'Russian', 'ru', 'русский язык'),
('1aa0b95b-6c05-4df9-8618-1143ce994d7b', 'Sanskrit (Saṁskṛta)', 'sa', 'संस्कृतम्'),
('07919363-4aa9-44c5-98d7-5157e2977551', 'Sardinian', 'sc', 'sardu'),
('b590fe68-7a10-461d-a95f-662904c1fac2', 'Sindhi', 'sd', 'सिन्धी, سنڌي، سندھی‎'),
('9ce88f93-3b69-4f53-a321-389bd9231288', 'Northern Sami', 'se', 'Davvisámegiella'),
('363ad47d-3be0-45f8-bad5-5cf19f045db4', 'Samoan', 'sm', 'gagana faa Samoa'),
('10a54c3e-3918-4d71-84fb-e5cee3b1d79b', 'Sango', 'sg', 'yângâ tî sängö'),
('0368f895-7b92-4c3d-8970-2dad8ab54f03', 'Serbian', 'sr', 'српски језик'),
('0a5f85d6-1d2f-4fb6-a665-b99cb419fcaa', 'Scottish Gaelic; Gaelic', 'gd', 'Gàguidhlig'),
('8bfb41ba-7ae6-44a3-a197-21083c74cd43', 'Shona', 'sn', 'chiShona'),
('41e083f0-ec6d-4d5f-8a92-95d78bd718a1', 'Sinhala, Sinhalese', 'si', 'සිංහල'),
('cbbaacfc-4d17-491f-9ccc-98b8ffc45e29', 'Slovak', 'sk', 'slovenčina'),
('8ea2cb50-e3f9-4b29-ad5c-e2e36b808538', 'Slovene', 'sl', 'slovenščina'),
('8016767c-bf97-4f21-b863-bb7958ad7b65', 'Somali', 'so', 'Soomaaliga, af Soomaali'),
('4861d552-873a-4f93-8fe1-2f170cd96a3f', 'Southern Sotho', 'st', 'Sesotho'),
('91b02606-3710-4b89-91e6-40722bbaa370', 'Spanish; Castilian', 'es', 'español, castellano'),
('8edf3529-228c-4857-ac05-7d5da85ecf2b', 'Sundanese', 'su', 'Basa Sunda'),
('b6230a93-a0fc-45af-9818-419519fde74b', 'Swahili', 'sw', 'Kiswahili'),
('88e4ada5-fb86-4e87-9aa2-7d7283b98d56', 'Swati', 'ss', 'SiSwati'),
('b444d61f-e7c8-4a77-88e9-b7f868c01106', 'Swedish', 'sv', 'svenska'),
('82ee7055-d8da-4d48-af47-5afc5eccabef', 'Tamil', 'ta', 'தமிழ்'),
('3d78e0f5-d2d6-4d2f-b7e5-5f37a19c6f5a', 'Telugu', 'te', 'తెలుగు'),
('e093462b-2c2f-498a-87a9-a5ca5ef3abe6', 'Tajik', 'tg', 'тоҷикӣ, toğikī, تاجیکی‎'),
('b00da4d5-4964-4a5d-b791-5792661d2efe', 'Thai', 'th', 'ไทย'),
('2c64e043-3b88-47d3-9b0b-1d686201975d', 'Tigrinya', 'ti', 'ትግርኛ'),
('d4fec86f-6094-46f1-9700-420fe3d23402', 'Tibetan Standard, Tibetan, Central', 'bo', 'བོད་ཡིག'),
('6241bff9-654b-4b6e-992e-dce9d19c598e', 'Turkmen', 'tk', 'Türkmen, Түркмен'),
('6d48038c-8b49-4cff-9302-6f13f5a9b192', 'Tagalog', 'tl', 'Wikang Tagalog, ᜏᜒᜃᜅ᜔ ᜆᜄᜎᜓᜄ᜔'),
('08d88ced-0ae9-475d-9404-951b2bb6bf6b', 'Tswana', 'tn', 'Setswana'),
('f927e7f8-af69-496e-99a4-dd5d8046fe51', 'Tonga (Tonga Islands)', 'to', 'faka Tonga'),
('1171844b-b362-486d-849e-a4d3e4c62977', 'Turkish', 'tr', 'Türkçe'),
('aacb14d0-a40c-487e-916a-6ac5c1a72ed3', 'Tsonga', 'ts', 'Xitsonga'),
('541b3806-92ae-4d19-8c5f-60a3a7c56cd6', 'Tatar', 'tt', 'татарча, tatarça, تاتارچا‎'),
('f15f4baf-47cb-4879-99f9-6b9a9b089d64', 'Twi', 'tw', 'Twi'),
('43ba0dca-597c-4c0e-bfc1-5413f9711b7b', 'Tahitian', 'ty', 'Reo Tahiti'),
('37423f50-517e-4cc0-b8f2-70472b50387e', 'Uighur, Uyghur', 'ug', 'Uyƣurqə, ئۇيغۇرچە‎'),
('fc7eb094-6b25-4b8f-a37b-173185e2de06', 'Ukrainian', 'uk', 'українська'),
('0d643d90-6f88-429c-b180-7c81ca316abf', 'Urdu', 'ur', 'اردو'),
('8f937dd2-cc55-4175-837e-a833c5e1cbb3', 'Uzbek', 'uz', 'zbek, Ўзбек, أۇزبېك‎'),
('f48161bd-68f3-4383-abf7-9545d1efa85e', 'Venda', 've', 'Tshivenḓa'),
('24c1fbd4-7da7-4741-9f25-0e2e258b0cf7', 'Vietnamese', 'vi', 'Tiếng Việt'),
('af8eb0ab-abe5-40e6-8654-f0c38dd6b514', 'Volapük', 'vo', 'Volapük'),
('cdded777-1076-47dc-8236-63dc165e4bb5', 'Walloon', 'wa', 'Walon'),
('5d7c162c-cc2a-4cd3-ad33-a3186bfa88bb', 'Welsh', 'cy', 'Cymraeg'),
('e0d362d1-7f20-44ff-83b6-56bf43a96120', 'Wolof', 'wo', 'Wollof'),
('c7b096e0-1e50-4d82-aa67-fd4823ec6653', 'Western Frisian', 'fy', 'Frysk'),
('a0c443ae-f3a5-45a2-bf18-299655cce2b2', 'Xhosa', 'xh', 'isiXhosa'),
('e6042ed7-a7f0-4d20-ada8-a9c96f4e5030', 'Yiddish', 'yi', 'ייִדיש'),
('de061b55-71d1-4604-af93-dc5ad3d4d3f5', 'Corsican', 'co', 'corsu, lingua corsa'),
('95b846a9-e4b8-459a-8fd6-6c580bf6ddf2', 'Yoruba', 'yo', 'Yorùbá'),
('0091683f-fbdf-4a44-a940-1cc173b6f940', 'Zhuang, Chuang', 'za', 'Saɯ cueŋƅ, Saw cuengh');

-- TIMEZONE SETTINGS
INSERT INTO "timezone_setting" ("guid", "name", "text") VALUES
('792eff35-b256-4e08-a916-88d4810fb9ec', 'Pacific/Niue', '(GMT-11:00) Niue'),
('2193d9a2-3f8d-4d5b-9d17-86c6e1a5be37', 'Pacific/Pago_Pago', '(GMT-11:00) Pago Pago'),
('03a8d672-d9b1-4b82-a66c-44921a2f6e17', 'Pacific/Honolulu', '(GMT-10:00) Hawaii Time'),
('71c0a1c9-be0f-40ef-b4f8-9d234e1902c6', 'Pacific/Rarotonga', '(GMT-10:00) Rarotonga'),
('6ac8daf1-dd6c-4af7-9a19-4b4762abba01', 'Pacific/Tahiti', '(GMT-10:00) Tahiti'),
('acc57eea-54bb-4639-90ed-7aceca945dc6', 'Pacific/Marquesas', '(GMT-09:30) Marquesas'),
('d3c0dd36-197a-471c-8c30-4623c7589459', 'America/Anchorage', '(GMT-09:00) Alaska Time'),
('9ae85ace-a897-4a17-bec3-7aee1e7e0ddf', 'Pacific/Gambier', '(GMT-09:00) Gambier'),
('d9aacada-61fe-4666-be0b-477196286361', 'America/Los_Angeles', '(GMT-08:00) Pacific Time'),
('6d70b210-5c4f-49af-82a5-5d610c06d73b', 'America/Tijuana', '(GMT-08:00) Pacific Time - Tijuana'),
('e43501ec-2452-46c6-8a71-abd4a2f0246c', 'America/Vancouver', '(GMT-08:00) Pacific Time - Vancouver'),
('3ccebcd9-22e5-4aa5-ad1c-38242d252704', 'America/Whitehorse', '(GMT-08:00) Pacific Time - Whitehorse'),
('7699a3ab-0449-4095-b1dc-8904aaed42b8', 'Pacific/Pitcairn', '(GMT-08:00) Pitcairn'),
('d0d38e2e-ee10-46e7-b9e1-52eeec38ba2e', 'America/Dawson_Creek', '(GMT-07:00) Mountain Time - Dawson Creek'),
('c2af5f9d-c352-40d3-ab76-79eef75ecdd2', 'America/Denver', '(GMT-07:00) Mountain Time'),
('8eb3925f-e263-4490-893c-367f819e751b', 'America/Edmonton', '(GMT-07:00) Mountain Time - Edmonton'),
('a7e235f6-5e38-41a6-b222-576e81e4badb', 'America/Hermosillo', '(GMT-07:00) Mountain Time - Hermosillo'),
('abbd9fb7-4839-4fd0-b8a2-57a9232fcb32', 'America/Mazatlan', '(GMT-07:00) Mountain Time - Chihuahua, Mazatlan'),
('14cc4d34-e275-4ccb-93ae-eda05811fe44', 'America/Phoenix', '(GMT-07:00) Mountain Time - Arizona'),
('4d7b3af0-dc67-4b84-889d-f5af54be1ae0', 'America/Yellowknife', '(GMT-07:00) Mountain Time - Yellowknife'),
('f174b871-b2eb-4be2-8b41-bfdd3b9909e9', 'America/Belize', '(GMT-06:00) Belize'),
('ad108882-401a-4a6f-bf18-7285e991bf7d', 'America/Chicago', '(GMT-06:00) Central Time'),
('c54f9367-4701-48da-ae39-756d8d51d658', 'America/Costa_Rica', '(GMT-06:00) Costa Rica'),
('ec48da90-5fb7-4c66-a230-1e439df7247a', 'America/El_Salvador', '(GMT-06:00) El Salvador'),
('c1250f68-42d7-4fbe-80bc-6359dd4cfd8a', 'America/Guatemala', '(GMT-06:00) Guatemala'),
('fdb4867e-cd93-4fae-a058-3c7214d6529b', 'America/Managua', '(GMT-06:00) Managua'),
('84ca5e0d-0771-4c91-b7ba-de8db8887ec7', 'America/Mexico_City', '(GMT-06:00) Central Time - Mexico City'),
('369b9a03-c64e-4180-b9a7-b805fd5986a3', 'America/Regina', '(GMT-06:00) Central Time - Regina'),
('3194bf3a-fa7f-480c-aa53-baa1558597cf', 'America/Tegucigalpa', '(GMT-06:00) Central Time - Tegucigalpa'),
('c0056116-5b4f-4410-9762-f4b8413a9c95', 'America/Winnipeg', '(GMT-06:00) Central Time - Winnipeg'),
('e9eee88e-0c39-4c05-a33c-129bbb87af56', 'Pacific/Galapagos', '(GMT-06:00) Galapagos'),
('30210a46-94c4-4b19-b311-7183d1fe130b', 'America/Bogota', '(GMT-05:00) Bogota'),
('15ab33a3-03e6-4e15-8211-a3b02a94538f', 'America/Cancun', '(GMT-05:00) America Cancun'),
('a90f572a-b2c7-4c98-bb51-7e8c000e739d', 'America/Cayman', '(GMT-05:00) Cayman'),
('bf3ad0ee-f19c-4d68-a157-e955b46f196a', 'America/Guayaquil', '(GMT-05:00) Guayaquil'),
('a54d8148-9c4a-4d77-9bc4-69eb0bfbf2ed', 'America/Havana', '(GMT-05:00) Havana'),
('a7d541ed-b005-408b-8b06-358fddbe6e7c', 'America/Iqaluit', '(GMT-05:00) Eastern Time - Iqaluit'),
('12eba055-9b86-4d79-b00b-37f675812761', 'America/Jamaica', '(GMT-05:00) Jamaica'),
('f33259af-d569-432a-a0b8-45e0aaf39043', 'America/Lima', '(GMT-05:00) Lima'),
('68a00b94-e6b5-4403-a339-0e9f266562b6', 'America/Nassau', '(GMT-05:00) Nassau'),
('2124e7b1-4779-4e0a-a5b2-a0e1eb00011b', 'America/New_York', '(GMT-05:00) Eastern Time'),
('8885d9dc-c027-4ce8-8bb8-a2b1425eb4ca', 'America/Panama', '(GMT-05:00) Panama'),
('2c5deb36-9199-460c-b907-354bd6bd03ed', 'America/Port-au-Prince', '(GMT-05:00) Port-au-Prince'),
('c6074dfd-e6fc-4191-9b02-573edc9390ea', 'America/Rio_Branco', '(GMT-05:00) Rio Branco'),
('d73ede56-9b89-469b-b96c-ab1a107b4a60', 'America/Toronto', '(GMT-05:00) Eastern Time - Toronto'),
('f176ebec-51dc-4bc9-9cda-4fc35f2238ac', 'Pacific/Easter', '(GMT-05:00) Easter Island'),
('20ba70c1-19f5-4c14-9fd1-eb90867e12b7', 'America/Caracas', '(GMT-04:30) Caracas'),
('d4ef241c-a46a-4272-85f0-5ae3056b6da9', 'America/Asuncion', '(GMT-03:00) Asuncion'),
('159154d8-51fa-477f-a52f-0d520d4655f6', 'America/Barbados', '(GMT-04:00) Barbados'),
('32dc43d5-d66a-49f5-932b-1990de8f1858', 'America/Boa_Vista', '(GMT-04:00) Boa Vista'),
('8ebbf3b6-e25c-48e0-9817-be1f7b998bad', 'America/Campo_Grande', '(GMT-03:00) Campo Grande'),
('9212299c-9431-4ead-a905-7e1a9ac109b8', 'America/Cuiaba', '(GMT-03:00) Cuiaba'),
('d8a30e3d-0c8e-46eb-a833-5497e91fe242', 'America/Curacao', '(GMT-04:00) Curacao'),
('a42b865a-b9bc-4ddb-ac34-70c555a97b25', 'America/Grand_Turk', '(GMT-04:00) Grand Turk'),
('2cf98ac0-d74a-4307-b995-e8f42c058f1a', 'America/Guyana', '(GMT-04:00) Guyana'),
('fdd60ade-a4f4-4fa2-95e5-7e52df105648', 'America/Halifax', '(GMT-04:00) Atlantic Time - Halifax'),
('ca9e817c-58f1-40d3-a734-925185bcc5c2', 'America/La_Paz', '(GMT-04:00) La Paz'),
('324da037-0673-4a14-87ed-bcea3da793f0', 'America/Manaus', '(GMT-04:00) Manaus'),
('eb3908cf-ed51-48c5-8a00-3c310b091eeb', 'America/Martinique', '(GMT-04:00) Martinique'),
('1d1f7524-00de-45a6-bd7f-6e24028634c2', 'America/Port_of_Spain', '(GMT-04:00) Port of Spain'),
('208ac657-9249-480c-8e53-ca9834cb2439', 'America/Porto_Velho', '(GMT-04:00) Porto Velho'),
('24d35c4d-346b-4e40-99c3-a36c0cf5a212', 'America/Puerto_Rico', '(GMT-04:00) Puerto Rico'),
('6e9c429f-4b91-470c-8594-491264376638', 'America/Santo_Domingo', '(GMT-04:00) Santo Domingo'),
('64d8a6b0-06bf-47bd-9ba8-cdc1b186beea', 'America/Thule', '(GMT-04:00) Thule'),
('30737c59-7bcb-4e59-8151-e2f388e86809', 'Atlantic/Bermuda', '(GMT-04:00) Bermuda'),
('9706993f-d009-4963-b81a-4934502ab7c2', 'America/St_Johns', '(GMT-03:30) Newfoundland Time - St. Johns'),
('14c18c82-93db-4848-b1b4-6e2f69a0fc91', 'America/Araguaina', '(GMT-03:00) Araguaina'),
('8c46c4cd-6b85-4b62-9bdd-781a11f898eb', 'America/Argentina/Buenos_Aires', '(GMT-03:00) Buenos Aires'),
('c9812f51-38bd-4d1f-833a-3932cda6c6e0', 'America/Bahia', '(GMT-03:00) Salvador'),
('6d88d6dd-a20a-48e3-9693-956310b980c8', 'America/Belem', '(GMT-03:00) Belem'),
('375afe9d-724b-498c-9231-55117ed383c8', 'America/Cayenne', '(GMT-03:00) Cayenne'),
('5c3e6391-a7a9-4fd9-915c-ed7b5785c04e', 'America/Fortaleza', '(GMT-03:00) Fortaleza'),
('67becf6e-c9df-4f3f-bfe1-0635bd224f2f', 'America/Godthab', '(GMT-03:00) Godthab'),
('2873fd13-61c6-4fa8-bad9-6816a7fdfc7d', 'America/Maceio', '(GMT-03:00) Maceio'),
('5a69977e-2eaa-42b2-8cd0-0b157f9b0382', 'America/Miquelon', '(GMT-03:00) Miquelon'),
('b88efd48-3528-4f98-a697-0def980fa424', 'America/Montevguideo', '(GMT-03:00) Montevguideo'),
('fc2efc3a-d3bf-4603-a351-b309baabf622', 'America/Paramaribo', '(GMT-03:00) Paramaribo'),
('187ab535-e48e-4722-a9b0-1102b42f9364', 'America/Recife', '(GMT-03:00) Recife'),
('fe1f9b1b-2fef-4191-a68e-7d46604dc420', 'America/Santiago', '(GMT-03:00) Santiago'),
('990a7fde-e32c-42e8-ae32-03f3b5d1c644', 'America/Sao_Paulo', '(GMT-02:00) Sao Paulo'),
('8c402ef7-d2f8-42d8-aca7-eb37ff4ab402', 'Antarctica/Palmer', '(GMT-03:00) Palmer'),
('11c26644-9e11-44bf-8e0c-63cdd96a1ddb', 'Antarctica/Rothera', '(GMT-03:00) Rothera'),
('33a30c23-cca8-495f-a100-bb4afbe79cb7', 'Atlantic/Stanley', '(GMT-03:00) Stanley'),
('a94f6a72-fc86-4d97-a853-8777272fa90d', 'America/Noronha', '(GMT-02:00) Noronha'),
('9ebeebbf-06ed-4749-88cc-7d3e5c4da771', 'Atlantic/South_Georgia', '(GMT-02:00) South Georgia'),
('6707e84b-fb28-4404-857e-60909357ee6e', 'America/Scoresbysund', '(GMT-01:00) Scoresbysund'),
('d2b43287-5d3b-463b-a98a-1b561b0fc7ad', 'Atlantic/Azores', '(GMT-01:00) Azores'),
('b0cd7ae2-762f-4008-8f0c-29de5a22b0fc', 'Atlantic/Cape_Verde', '(GMT-01:00) Cape Verde'),
('90cb8009-b0fd-4a1e-974a-52e00120bc39', 'Africa/Abguidjan', '(GMT+00:00) Abguidjan'),
('52a1a06e-7172-421d-bf44-eda0d1c10fc2', 'Africa/Accra', '(GMT+00:00) Accra'),
('3d1990eb-37d5-4b09-bdf4-cab9acbb4c40', 'Africa/Bissau', '(GMT+00:00) Bissau'),
('3c4dd7a9-cc9b-4b2f-9e5a-3d557515f19b', 'Africa/Casablanca', '(GMT+00:00) Casablanca'),
('9ec6d48c-b71e-4670-81eb-314deeab7b6e', 'Africa/El_Aaiun', '(GMT+00:00) El Aaiun'),
('e94fb021-80c0-4ab5-8b0e-57032cc62a53', 'Africa/Monrovia', '(GMT+00:00) Monrovia'),
('98180640-084d-4930-b594-645f16683cea', 'America/Danmarkshavn', '(GMT+00:00) Danmarkshavn'),
('90351396-7730-4ccf-9f39-cf1c18f7601f', 'Atlantic/Canary', '(GMT+00:00) Canary Islands'),
('dcdeba09-bbc8-48b3-9e6d-e955f75367a1', 'Atlantic/Faroe', '(GMT+00:00) Faeroe'),
('cd6332ce-354c-4cd5-8d11-5b9b2c33e878', 'Atlantic/Reykjavik', '(GMT+00:00) Reykjavik'),
('fc878f7c-a768-416a-974f-58c2f8dfa8e1', 'Etc/GMT', '(GMT+00:00) GMT (no daylight saving)'),
('95e4a3c2-4d97-4275-8c52-aa055187d10c', 'Europe/Dublin', '(GMT+00:00) Dublin'),
('1f16296d-7fc8-4499-808e-9a9c192f953c', 'Europe/Lisbon', '(GMT+00:00) Lisbon'),
('a86f8998-a8f9-4e92-844a-8f2410ce31d4', 'Europe/London', '(GMT+00:00) London'),
('38779c3f-5787-483e-8451-38db4bf58933', 'Africa/Algiers', '(GMT+01:00) Algiers'),
('ce8b9dd4-e6cd-4b51-b146-a0fdadf2ed59', 'Africa/Ceuta', '(GMT+01:00) Ceuta'),
('c987c68d-9ce6-4d62-9f71-4e57f1147fa5', 'Africa/Lagos', '(GMT+01:00) Lagos'),
('a9a8671c-2a52-4d0a-88d9-b8cc14a15fab', 'Africa/Ndjamena', '(GMT+01:00) Ndjamena'),
('6e64f895-57a1-4b92-9e63-2367ae71e439', 'Africa/Tunis', '(GMT+01:00) Tunis'),
('b1baf582-345f-4b87-8150-6e690be187b3', 'Africa/Windhoek', '(GMT+02:00) Windhoek'),
('46add71c-91bf-49c8-9725-a136c4fc6d92', 'Europe/Amsterdam', '(GMT+01:00) Amsterdam'),
('3f4c4e33-8125-4d7f-b9e6-02c938ce337e', 'Europe/Andorra', '(GMT+01:00) Andorra'),
('0a5a01cd-5ff2-4806-9fd9-862e4fd46c79', 'Europe/Belgrade', '(GMT+01:00) Central European Time - Belgrade'),
('ff2599e4-75a0-412a-ab59-f12d9299f0c6', 'Europe/Berlin', '(GMT+01:00) Berlin'),
('83d84dfd-94f5-43f8-b55c-bf37588ab025', 'Europe/Brussels', '(GMT+01:00) Brussels'),
('29d54e14-fddd-468a-84c9-0d631565f131', 'Europe/Budapest', '(GMT+01:00) Budapest'),
('4bf1a1e0-4c31-4a8a-8fd7-387d5b0c9eb2', 'Europe/Copenhagen', '(GMT+01:00) Copenhagen'),
('61701666-22ce-4760-9b49-1338590d95d0', 'Europe/Gibraltar', '(GMT+01:00) Gibraltar'),
('c2ae5abd-be9e-4f75-801f-792a741c49a1', 'Europe/Luxembourg', '(GMT+01:00) Luxembourg'),
('1eba7017-9d71-4528-9a6e-f805dd6cc0a5', 'Europe/Madrguid', '(GMT+01:00) Madrguid'),
('b4fa0aba-a1d6-4e35-9e87-2ae31fbcfa1a', 'Europe/Malta', '(GMT+01:00) Malta'),
('b4534fa1-9035-4ec1-8074-f3b398d950c3', 'Europe/Monaco', '(GMT+01:00) Monaco'),
('bb7c3d95-555e-4095-a832-5620083c68d9', 'Europe/Oslo', '(GMT+01:00) Oslo'),
('6579acfe-3be6-41eb-8a88-4b5677a34326', 'Europe/Paris', '(GMT+01:00) Paris'),
('84a75596-b804-47a0-b76d-ab09e7abfc68', 'Europe/Prague', '(GMT+01:00) Central European Time - Prague'),
('e99f4008-80f1-449d-9b4c-d83e76b10ce6', 'Europe/Rome', '(GMT+01:00) Rome'),
('6e90e78c-26f1-4dde-81a2-5a2983986112', 'Europe/Stockholm', '(GMT+01:00) Stockholm'),
('139d67a2-d518-4bca-9548-01202cfbce31', 'Europe/Tirane', '(GMT+01:00) Tirane'),
('a3ae343f-a614-4538-826e-ce3c39686b72', 'Europe/Vienna', '(GMT+01:00) Vienna'),
('0fd3346d-9b4e-493d-8aa1-2fbe95e6953e', 'Europe/Warsaw', '(GMT+01:00) Warsaw'),
('3fa5e874-5b3f-4f10-a2bb-bc5ca6b20f50', 'Europe/Zurich', '(GMT+01:00) Zurich'),
('439f7b19-8ddc-401f-a133-679288ff55b1', 'Africa/Cairo', '(GMT+02:00) Cairo'),
('9117b646-1b17-4817-903a-a75f4cc55a99', 'Africa/Johannesburg', '(GMT+02:00) Johannesburg'),
('6890f710-122c-4a4f-b41c-65405e86c4a2', 'Africa/Maputo', '(GMT+02:00) Maputo'),
('af0898a9-d63c-4768-a505-495d8883475e', 'Africa/Tripoli', '(GMT+02:00) Tripoli'),
('62f03068-46e1-4ef9-8e6c-4f49d9e1318f', 'Asia/Amman', '(GMT+02:00) Amman'),
('036141a1-f816-412c-a680-b579f60de9ed', 'Asia/Beirut', '(GMT+02:00) Beirut'),
('3edf4a8c-8393-44f7-986b-566707933158', 'Asia/Damascus', '(GMT+02:00) Damascus'),
('f36437e5-ba57-4c21-b2a1-13057ff24321', 'Asia/Gaza', '(GMT+02:00) Gaza'),
('37da3a30-266e-4e65-9acc-bfc99d2d2cbe', 'Asia/Jerusalem', '(GMT+02:00) Jerusalem'),
('5ce25efe-07da-4668-aef5-926a4faeffe8', 'Asia/Nicosia', '(GMT+02:00) Nicosia'),
('f6bb3441-0095-4362-b0ea-3330dd7f248d', 'Europe/Athens', '(GMT+02:00) Athens'),
('e8cc760e-ab57-4075-93c8-83e0c8cac111', 'Europe/Bucharest', '(GMT+02:00) Bucharest'),
('600ac775-29bb-44d7-8c46-e3d71c9105e0', 'Europe/Chisinau', '(GMT+02:00) Chisinau'),
('561496f8-4956-4722-8cf3-a0ce24314ac3', 'Europe/Helsinki', '(GMT+02:00) Helsinki'),
('9a353d64-1cc1-41cc-83de-0839170bdf7f', 'Europe/Istanbul', '(GMT+02:00) Istanbul'),
('843b58b6-70ec-4f7a-a12b-46f09465cbf2', 'Europe/Kaliningrad', '(GMT+02:00) Moscow-01 - Kaliningrad'),
('119b98e1-d6c0-42bc-a0c7-37047c407b7f', 'Europe/Kiev', '(GMT+02:00) Kiev'),
('e6eccdd5-9501-4a39-8e28-3d45443c9d0f', 'Europe/Riga', '(GMT+02:00) Riga'),
('392e2bec-20bb-4dad-a983-312e1d1ddaea', 'Europe/Sofia', '(GMT+02:00) Sofia'),
('fe225ce0-920a-4d13-9bb8-16c32a971107', 'Europe/Tallinn', '(GMT+02:00) Tallinn'),
('2f04f959-71a7-4f58-8ea8-1e8a45ec1591', 'Europe/Vilnius', '(GMT+02:00) Vilnius'),
('c94d06f0-198e-4a69-bd99-9727a11147d6', 'Africa/Khartoum', '(GMT+03:00) Khartoum'),
('f7cc105d-5dd9-4fd1-a120-04700ab71131', 'Africa/Nairobi', '(GMT+03:00) Nairobi'),
('b7c9d97a-1073-4ef2-aa05-49732861b885', 'Antarctica/Syowa', '(GMT+03:00) Syowa'),
('a90e7cc1-3c03-457a-bd48-68a604fb4281', 'Asia/Baghdad', '(GMT+03:00) Baghdad'),
('99de56b9-49a0-4667-af37-6de42d4332f2', 'Asia/Qatar', '(GMT+03:00) Qatar'),
('5e744cf6-cb29-4862-9217-96de5b3741e6', 'Asia/Riyadh', '(GMT+03:00) Riyadh'),
('455275c6-9855-45a2-9e66-2cc10baff634', 'Europe/Minsk', '(GMT+03:00) Minsk'),
('245eb652-ebc3-49c6-8481-fca5ea5f6b8e', 'Europe/Moscow', '(GMT+03:00) Moscow+00 - Moscow'),
('3e798252-6730-4df3-95b9-509162fb04de', 'Asia/Tehran', '(GMT+03:30) Tehran'),
('19c6a44d-969e-4b9f-b8a2-87a14feb26a4', 'Asia/Baku', '(GMT+04:00) Baku'),
('e7b645e4-8867-49b2-8e2b-2f4b4dad073d', 'Asia/Dubai', '(GMT+04:00) Dubai'),
('f04e2b20-9d6b-4007-b83b-481d876f8ab1', 'Asia/Tbilisi', '(GMT+04:00) Tbilisi'),
('fab34abc-8ae3-4212-96d3-fe4928471d6a', 'Asia/Yerevan', '(GMT+04:00) Yerevan'),
('69f302f9-0176-46ee-9c0a-939226133f50', 'Europe/Samara', '(GMT+04:00) Moscow+01 - Samara'),
('e8957a77-6526-4686-bbd7-a02d96f13e0c', 'Indian/Mahe', '(GMT+04:00) Mahe'),
('d8105650-f0a1-46ce-b4d1-7e2e421df887', 'Indian/Mauritius', '(GMT+04:00) Mauritius'),
('93a9d99a-253e-4a16-bf99-b948e19fa81a', 'Indian/Reunion', '(GMT+04:00) Reunion'),
('218cd6c5-919b-4406-bdb2-aeff16ece167', 'Asia/Kabul', '(GMT+04:30) Kabul'),
('ac1eef05-9136-43a9-ad38-c1459499fda0', 'Antarctica/Mawson', '(GMT+05:00) Mawson'),
('40aa2196-d883-4843-9ec5-4be91e19f9a6', 'Asia/Aqtau', '(GMT+05:00) Aqtau'),
('f923089e-56bc-4890-95a0-fba6496f7161', 'Asia/Aqtobe', '(GMT+05:00) Aqtobe'),
('02def96d-73f3-4aa3-8a24-91e1ba5c9030', 'Asia/Ashgabat', '(GMT+05:00) Ashgabat'),
('6a212acb-7664-4878-a467-8a6230e3da19', 'Asia/Dushanbe', '(GMT+05:00) Dushanbe'),
('4b211d16-6234-4339-bb52-cc32b6be91e5', 'Asia/Karachi', '(GMT+05:00) Karachi'),
('deb33fd5-ea9a-4c7c-b7d0-82fead92112f', 'Asia/Tashkent', '(GMT+05:00) Tashkent'),
('2ca8dbdd-58a0-41c0-a9a9-c287ec9f9aa6', 'Asia/Yekaterinburg', '(GMT+05:00) Moscow+02 - Yekaterinburg'),
('3a575e34-f8cd-4f7f-8bbe-d111a4e75b58', 'Indian/Kerguelen', '(GMT+05:00) Kerguelen'),
('a13c919f-7115-405e-ba07-73a61238a460', 'Indian/Maldives', '(GMT+05:00) Maldives'),
('10190f5a-d28f-4f46-89a1-fd6c2d427c07', 'Asia/Calcutta', '(GMT+05:30) India Standard Time'),
('36c87bc8-cfea-401d-bb0a-4d01bd19a186', 'Asia/Colombo', '(GMT+05:30) Colombo'),
('89144287-00b5-481f-99bb-deec3ea343d3', 'Asia/Katmandu', '(GMT+05:45) Katmandu'),
('d9156331-1324-4c71-ad68-0492f977f949', 'Antarctica/Vostok', '(GMT+06:00) Vostok'),
('c9b39366-5a83-4c68-a7ff-ec37229c3dcb', 'Asia/Almaty', '(GMT+06:00) Almaty'),
('56abbe6d-f879-46a4-b371-2f1145e50579', 'Asia/Bishkek', '(GMT+06:00) Bishkek'),
('a6430295-c495-4356-a409-4009e621b3bd', 'Asia/Dhaka', '(GMT+06:00) Dhaka'),
('b73c79cd-50e3-42f1-a914-94a4ef4c8b02', 'Asia/Omsk', '(GMT+06:00) Moscow+03 - Omsk, Novosibirsk'),
('fe586b05-3fdf-4cd3-95e2-5d1ba4aa3c03', 'Asia/Thimphu', '(GMT+06:00) Thimphu'),
('d2095b87-e479-4918-b1c7-f14320a8e4f3', 'Indian/Chagos', '(GMT+06:00) Chagos'),
('908ea1fd-edeb-4e90-9533-0fd61a4ed611', 'Asia/Rangoon', '(GMT+06:30) Rangoon'),
('2b3870b6-1367-4249-95ed-9d5719c51e81', 'Indian/Cocos', '(GMT+06:30) Cocos'),
('e7fc19ca-24ab-4711-9fd3-c8b135005a54', 'Antarctica/Davis', '(GMT+07:00) Davis'),
('d57590b2-8d5f-4c28-aea7-28a91fd50bbf', 'Asia/Bangkok', '(GMT+07:00) Bangkok'),
('e20bee17-10b0-4182-a97e-f31ea5a6b9d3', 'Asia/Hovd', '(GMT+07:00) Hovd'),
('5e23cc3a-862f-4f5c-8898-e0c5bb8d841a', 'Asia/Jakarta', '(GMT+07:00) Jakarta'),
('e3fe2d64-b968-4682-a554-ba294daa2a07', 'Asia/Krasnoyarsk', '(GMT+07:00) Moscow+04 - Krasnoyarsk'),
('6c48df50-cb58-48bf-9013-513438aa407e', 'Asia/Saigon', '(GMT+07:00) Hanoi'),
('c64bcb21-7c25-49f8-8486-6532eac345eb', 'Asia/Ho_Chi_Minh', '(GMT+07:00) Ho Chi Minh'),
('7f75abdf-454b-4f00-9979-fee6f86f797e', 'Indian/Christmas', '(GMT+07:00) Christmas'),
('bc23ad6a-447f-4363-a020-8e6f9c643f47', 'Antarctica/Casey', '(GMT+08:00) Casey'),
('d92da0ff-069e-4f68-a4f9-2fec84dcf714', 'Asia/Brunei', '(GMT+08:00) Brunei'),
('ca070692-3628-4c6a-9f52-dd381ea0dad8', 'Asia/Choibalsan', '(GMT+08:00) Choibalsan'),
('c690bb52-a07e-4aab-9674-e941698c8cea', 'Asia/Hong_Kong', '(GMT+08:00) Hong Kong'),
('9bd4862d-cc91-4955-be88-e20911416f3d', 'Asia/Irkutsk', '(GMT+08:00) Moscow+05 - Irkutsk'),
('24e7dec5-cbfe-4e3e-9d9a-bed7fb3902da', 'Asia/Kuala_Lumpur', '(GMT+08:00) Kuala Lumpur'),
('1c91e212-39b6-48ef-8dc8-aa822716fb26', 'Asia/Macau', '(GMT+08:00) Macau'),
('578ee144-4732-4363-b9bd-f25f554fbd03', 'Asia/Makassar', '(GMT+08:00) Makassar'),
('46d77e47-dd47-48b0-96f5-03ca67bbfea3', 'Asia/Manila', '(GMT+08:00) Manila'),
('a197a45e-23b5-43ea-a374-e7e4b927d291', 'Asia/Shanghai', '(GMT+08:00) China Time - Beijing'),
('2b97fd43-1055-4cfd-bea1-a6e943e6845e', 'Asia/Singapore', '(GMT+08:00) Singapore'),
('fea77f80-57ab-4072-afb5-b8495cce95bf', 'Asia/Taipei', '(GMT+08:00) Taipei'),
('6c72709b-844a-4645-8689-05421694b95f', 'Asia/Ulaanbaatar', '(GMT+08:00) Ulaanbaatar'),
('f6a1a0f3-2ab0-4c71-aff3-1215be13c65a', 'Australia/Perth', '(GMT+08:00) Western Time - Perth'),
('e5081302-5ea6-4ec6-8530-b543d00aa6cf', 'Asia/Pyongyang', '(GMT+08:30) Pyongyang'),
('5ea4caa8-8511-4dc2-8bca-89f84956b427', 'Asia/Dili', '(GMT+09:00) Dili'),
('956647f2-2535-4269-8567-5ab7019eb732', 'Asia/Jayapura', '(GMT+09:00) Jayapura'),
('27863cdf-1b20-49f5-99f2-dd500c713e85', 'Asia/Seoul', '(GMT+09:00) Seoul'),
('4be67d6e-ba2f-4e2c-b963-6cd0c266fb8f', 'Asia/Tokyo', '(GMT+09:00) Tokyo'),
('326e1fce-2c6e-45a0-ba5f-77d5007c46eb', 'Asia/Yakutsk', '(GMT+09:00) Moscow+06 - Yakutsk'),
('8eb68642-8d63-447c-a984-caa0f69b119e', 'Pacific/Palau', '(GMT+09:00) Palau'),
('b85fe5ce-a4b0-4153-b202-d496c3997176', 'Australia/Adelaguide', '(GMT+10:30) Central Time - Adelaguide'),
('a73f6179-3b09-4329-baf9-541b46151f2d', 'Australia/Darwin', '(GMT+09:30) Central Time - Darwin'),
('03710333-3f6a-463f-b979-171e3a26e32d', 'Antarctica/DumontDUrville', '(GMT+10:00) Dumont D''Urville'),
('4286ae58-9986-44bf-b2f8-febff19fc5ea', 'Asia/Magadan', '(GMT+10:00) Moscow+07 - Magadan'),
('3ff2123c-817d-4b23-9f1b-a7fdfc974a2b', 'Asia/Vladivostok', '(GMT+10:00) Moscow+07 - Yuzhno-Sakhalinsk'),
('352048a0-7194-48a0-83b8-a283b8aeca25', 'Australia/Brisbane', '(GMT+10:00) Eastern Time - Brisbane'),
('c55404f6-2111-4442-b540-9e6b927789dd', 'Australia/Hobart', '(GMT+11:00) Eastern Time - Hobart'),
('ae9a7647-a1b6-4094-bfea-d5a6a3c1675c', 'Australia/Sydney', '(GMT+11:00) Eastern Time - Melbourne, Sydney'),
('df9f8e9e-d187-451c-bbf1-9890256b20c5', 'Pacific/Chuuk', '(GMT+10:00) Truk'),
('7a6192b7-48b8-450d-a7f9-96b6cccf3bd2', 'Pacific/Guam', '(GMT+10:00) Guam'),
('7cb2c2b2-90fe-4ec9-b1c2-ef5d52cde1d1', 'Pacific/Port_Moresby', '(GMT+10:00) Port Moresby'),
('8cd2880a-7d1d-4b1d-9a0f-b28da15d26de', 'Pacific/Efate', '(GMT+11:00) Efate'),
('965c227e-d010-43dd-a6de-2d5eded89a7d', 'Pacific/Guadalcanal', '(GMT+11:00) Guadalcanal'),
('04c7e632-52a4-4870-9e12-3ee49f4b108b', 'Pacific/Kosrae', '(GMT+11:00) Kosrae'),
('e6febd6a-9d76-47b7-9a47-a869dadbc766', 'Pacific/Norfolk', '(GMT+11:00) Norfolk'),
('54cf6bb3-0209-4013-b5dd-207009414726', 'Pacific/Noumea', '(GMT+11:00) Noumea'),
('2c7e8262-5c58-4fe2-9ef4-a7d838707ce8', 'Pacific/Pohnpei', '(GMT+11:00) Ponape'),
('6a464091-324c-486d-b359-1dd29b872a9c', 'Asia/Kamchatka', '(GMT+12:00) Moscow+09 - Petropavlovsk-Kamchatskiy'),
('67262540-c269-40e0-a024-3ecabfd447b1', 'Pacific/Auckland', '(GMT+13:00) Auckland'),
('f4c359e3-8305-446a-8981-21463a29a0a9', 'Pacific/Fiji', '(GMT+13:00) Fiji'),
('506d10a0-7493-46e8-acac-14ad794d774d', 'Pacific/Funafuti', '(GMT+12:00) Funafuti'),
('a8bcee9c-28d2-45ff-8faf-6037d907841d', 'Pacific/Kwajalein', '(GMT+12:00) Kwajalein'),
('ea825f30-468e-4977-98b8-32b085585e8a', 'Pacific/Majuro', '(GMT+12:00) Majuro'),
('6c5c077a-c40f-46aa-bc4b-604b008aadb2', 'Pacific/Nauru', '(GMT+12:00) Nauru'),
('195777ef-c500-4f78-802f-ddc48e1dbb0b', 'Pacific/Tarawa', '(GMT+12:00) Tarawa'),
('b74e37e4-d0b3-4eae-a655-5901c3e590c6', 'Pacific/Wake', '(GMT+12:00) Wake'),
('8546eb28-47ab-410b-9d63-90c182f6e75c', 'Pacific/Wallis', '(GMT+12:00) Wallis'),
('ee402ae8-e143-4de4-a23b-6a4c1a5f2752', 'Pacific/Apia', '(GMT+14:00) Apia'),
('98a82c88-7443-4172-8123-1ca008cd2144', 'Pacific/Enderbury', '(GMT+13:00) Enderbury'),
('8a0dd8d6-12f8-4e49-94a7-96dc687c61ac', 'Pacific/Fakaofo', '(GMT+13:00) Fakaofo'),
('c5b72238-200c-4e94-a7e2-12d08a651261', 'Pacific/Tongatapu', '(GMT+13:00) Tongatapu'),
('649e80c1-e81e-4bbd-b778-8b2f0f6106f3', 'Pacific/Kiritimati', '(GMT+14:00) Kiritimati');



INSERT INTO "field" ("table_id", "required", "slug", "label", "type", "is_visible", "relation_id", "is_system", "unique")
VALUES 
    ('1ab7fadc-1f2b-4934-879d-4e99772526ad', false, 'client_type_id', 'IT''S RELATION', 'LOOKUP', true, '8ab28259-800d-4079-8572-a0f033d70e35', true, false),
    ('2546e042-af2f-4cef-be7c-834e6bde951c', false, 'active', 'Актив', 'NUMBER', false, null, true, false),
    ('2546e042-af2f-4cef-be7c-834e6bde951c', false, 'guid', 'ID', 'UUID', true, null, true, false),
    ('2546e042-af2f-4cef-be7c-834e6bde951c', false, 'project_id', 'IT''S RELATION', 'LOOKUP', true, '6d2f94cb-0de4-455e-8dfc-97800eac7579', true, false),
    ('2546e042-af2f-4cef-be7c-834e6bde951c', false, 'client_platform_id', 'IT''S RELATION', 'LOOKUP', true, 'e03071ed-a3e1-417d-a654-c0998a7c74bc', true, false),
    ('2546e042-af2f-4cef-be7c-834e6bde951c', false, 'client_type_id', 'IT''S RELATION', 'LOOKUP', true, '8f123dec-dfe4-4b89-956c-f607c84a84bd', true, false),
    ('2546e042-af2f-4cef-be7c-834e6bde951c', false, 'role_id', 'IT''S RELATION', 'LOOKUP', true, '63b54109-5476-43c1-bf26-24e2266a33f0', true, false),
    ('25698624-5491-4c39-99ec-aed2eaf07b97', false, 'update', 'Изменение', 'SINGLE_LINE', false, null, true, false),
    ('25698624-5491-4c39-99ec-aed2eaf07b97', false, 'table_slug', 'Название таблица', 'SINGLE_LINE', false, null, true, false),
    ('25698624-5491-4c39-99ec-aed2eaf07b97', false, 'write', 'Написать', 'SINGLE_LINE', false, null, true, false);


